Q1-面积,Q2-绿化率,Q3-周围学校数量(1km),Q4-距地铁站距离(km),Q5-距商圈距离(km),Q6-中介对房子安全性打分,Q7-中介对房子舒适性打分,Q8-中介对房子性价比打分,Q9-中介对房子地段打分,Q10-中介对房子未来增值打分,Q11-中介对房子环境打分,Q12-单价
84,0.4,4,0.97,6,4.67,2,3.5,4,3,5,12476
78,0.4,4,0.97,6,4,3,4,4,3,4,12063
101,0.4,4,0.97,6,1.67,4,2,2.5,3.67,3.5,11847
100,0.4,4,0.97,6,5,5,5,5,5,5,11998
100,0.4,4,0.97,6,3.67,2,3,3,3,3,11498
99,0.4,4,0.97,6,3,2.5,2,2.5,3.33,4,10513
120,0.4,4,0.97,6,3.67,3.5,4,3.5,3,4.5,11159
131,0.4,4,0.97,6,3,2.5,3,3.5,4,5,12579
120,0.4,4,0.97,6,5,4.5,5,4.5,5,5,10994
120,0.4,4,0.97,6,3.67,3,3,3.5,4.33,5,11242
131,0.4,4,0.97,6,4.33,2.5,3.5,3.5,4,3,12045
100,0.4,4,0.97,6,3.67,2.5,2.5,2.5,3.33,5,11998
100,0.4,4,0.97,6,4.67,4.5,3.5,4.5,3.67,3.5,11996
131,0.4,4,0.97,6,4.33,3,3,4,4.33,5,12350
90,0.4,4,0.97,6,3.33,2.5,1.5,2.5,3,5,12748
84,0.4,4,0.97,6,4,3,4,5,4,4,12476
131,0.4,4,0.97,6,2.67,2,2.5,4.5,3.67,4,12579
90,0.4,4,0.97,6,4.67,3,4,4.5,2.67,4.5,12726
120,0.4,4,0.97,6,2.67,2.5,3.5,3.5,3.33,3,11242
100,0.4,4,0.97,6,3,1.5,4.5,2,3,5,11998
107,0.4,4,0.97,6,4,2,4,3,4.33,3,11207
84,0.4,4,0.97,6,4.67,4,5,4.5,4,5,12476
120,0.4,4,0.97,6,2,3.5,3,3,2,5,11242
100,0.4,4,0.97,6,2.33,1.5,1,4,4,5,11998
84,0.4,4,0.97,6,4.67,3,4,5,4.33,5,12476
120,0.4,4,0.97,6,4,4.5,4,4,4,5,11242
120,0.4,4,0.97,6,4,3,3,3,2.67,4,11242
107,0.4,4,0.97,6,3.67,3,4,4,3.33,3.5,11207
84,0.4,4,0.97,6,2.67,3,3,3,3,3,12476
120,0.4,4,0.97,6,3,2,3.5,3.5,4,5,11242
84,0.4,4,0.97,6,4,4,3,4,4,4,12476
100,0.4,4,0.97,6,3,3,4,4,4.33,4.5,11998
120,0.4,4,0.97,6,4.67,2.5,3.5,3,3.33,5,11242
84,0.4,4,0.97,6,3,2,2.5,4,3.67,5,12476
84,0.4,4,0.97,6,2.67,2.5,3,3,3,3.5,12476
120,0.4,4,0.97,6,5,3.5,5,5,5,5,11242
84,0.4,4,0.97,6,2.67,3,3.5,3,3,5,12476
120,0.4,4,0.97,6,3,4,4,3.5,3.33,3.5,11242
88,0.4,5,0.96,7.9,4,3.5,3.5,3,3,4.5,12939
62,0.4,5,0.96,7.9,5,4.5,5,5,5,5,11774
78,0.4,5,0.96,7.9,3.33,2,1.5,1.5,3,5,12775
78,0.4,5,0.96,7.9,2.33,2,4,3,3,5,10858
76,0.4,5,0.96,7.9,3.67,3.5,4.5,4,5,5,11842
78,0.4,5,0.96,7.9,3.33,1,4,4,4.33,3.5,11497
76,0.4,5,0.96,7.9,2.33,3,3.5,3.5,3.33,1.5,11842
76,0.4,5,0.96,7.9,3,2.5,4,3,4,2.5,11842
78,0.4,5,0.96,7.9,3,1.5,2.5,3.5,3.67,3.5,12008
88,0.4,5,0.96,7.9,3.67,1.5,2,2,4.67,3.5,12601
88,0.4,5,0.96,7.9,4.67,3,3.5,4.5,3.33,4.5,9901
63,0.4,5,0.96,7.9,3,2,2.5,2.5,3.67,4,10635
91,0.4,5,0.96,7.9,4,1.5,3.5,5,4.67,5,11983
78,0.4,5,0.96,7.9,3.33,2,2.5,3,3.67,4,11753
128,0.4,5,0.96,7.9,4,4,3.5,4,2,4.5,9531
78,0.4,5,0.96,7.9,2.67,2,3.5,3,3.33,2.5,10986
76,0.4,5,0.96,7.9,4.33,3,2.5,4.5,3.33,3,11842
81,0.4,5,0.96,7.9,4.33,5,5,2.5,3.33,5,12222
78,0.4,5,0.96,7.9,4,3.5,2.5,3,2,3,12136
78,0.4,5,0.96,7.9,3,1.5,2,3,4,3,11880
81,0.4,5,0.96,7.9,4,2,4,4,5,5,11358
80,0.4,5,0.96,7.9,3.33,1,5,5,4,4.5,11875
78,0.4,5,0.96,7.9,3,3,2.5,3,2.67,3,11344
78,0.4,5,0.96,7.9,4.33,3,4.5,3,4,5,10731
88,0.4,5,0.96,7.9,4.33,2,2,2.5,2.33,5,12273
78,0.4,5,0.96,7.9,4,2.5,4,3.5,4,4,14052
128,0.4,5,0.96,7.9,4.33,2,4,2.5,3.33,4.5,9531
81,0.4,5,0.96,7.9,3.67,3,3.5,3.5,5,5,12222
81,0.4,5,0.96,7.9,2.33,2,3,3,3,3,12346
118,0.4,5,0.96,7.9,4.33,1.5,2.5,4,3.33,5,10508
71,0.4,5,0.96,7.9,5,1.5,3,3,3,5,10423
92,0.4,5,0.96,7.9,4,2.5,3.5,4,3.67,5,10326
76,0.4,5,0.96,7.9,2.67,2.5,3,3,4,5,11835
78,0.4,5,0.96,7.9,5,3,5,5,5,5,11505
81,0.4,5,0.96,7.9,5,3,3.5,4,3.67,5,12346
78,0.4,5,0.96,7.9,3,4,3,2,3.67,3,11753
78,0.4,5,0.96,7.9,4.67,3,3.5,3.5,4,5,9581
78,0.4,5,0.96,7.9,3,1.5,3,2.5,3,3,10858
78,0.4,5,0.96,7.9,3,1.5,3,3,3.67,4,11497
92,0.4,5,0.96,7.9,3.33,1.5,2.5,2,3,5,11957
81,0.4,5,0.96,7.9,3,2,2,3.5,3.67,2.5,12469
62,0.4,5,0.96,7.9,3,2.5,4.5,4,2.67,3,11205
77,0.4,5,0.96,7.9,4,3,3,3.5,3.33,5,11210
78,0.4,5,0.96,7.9,2.33,1.5,2.5,2.5,3.33,5,11242
70,0.4,5,0.96,7.9,5,3,5,3.5,5,5,10995
92,0.4,5,0.96,7.9,3.33,4.5,4.5,4.5,4.67,3,10435
78,0.4,5,0.96,7.9,3,3,3,3,3,3,10986
62,0.4,5,0.96,7.9,3,2,2,3,3,4,10885
62,0.4,5,0.96,7.9,5,1.5,3,4,4,5,11240
78,0.4,5,0.96,7.9,2.33,2.5,3.5,3.5,3.67,3.5,12775
76,0.4,5,0.96,7.9,3.67,2,2.5,3,3.33,5,11842
78,0.4,5,0.96,7.9,3.67,2.5,3,1,3,5,11369
96,0.4,5,0.96,7.9,4,2,4.5,3,3.33,4.5,11250
91,0.4,5,0.96,7.9,3.67,2,3.5,4,2.67,3.5,11983
78,0.4,5,0.96,7.9,3.33,4,4,4,4.33,5,12136
128,0.4,5,0.96,7.9,4,3,4,3,4.33,5,9531
76,0.4,5,0.96,7.9,2.67,2,3,3,3.67,4.5,11842
81,0.4,5,0.96,7.9,3.33,2,3.5,3,3,5,12222
78,0.4,5,0.96,7.9,5,2.5,4,3.5,4,5,10858
76,0.4,5,0.96,7.9,3,1,4,4,3.33,3.5,11055
92,0.4,5,0.96,7.9,3.33,2,5,3,4,4.5,10326
78,0.4,5,0.96,7.9,3,2,2,3,3,3,9581
78,0.4,5,0.96,7.9,3.33,4,3,2.5,3,3,14052
128,0.4,5,0.96,7.9,3,2.5,3,2.5,3,3,9531
118,0.4,5,0.96,7.9,3,2,2,3,3,5,10508
78,0.4,5,0.96,7.9,4,3.5,4,4,4,5,12775
78,0.4,5,0.96,7.9,5,2,1.5,3,2,4,11369
78,0.4,5,0.96,7.9,3,2.5,3,2.5,3,4.5,11497
81,0.4,5,0.96,7.9,3,1.5,2,3,2.67,2.5,12099
71,0.4,5,0.96,7.9,5,5,5,5,5,5,10423
80,0.4,5,0.96,7.9,3.33,2.5,4,3,2.67,5,11875
88,0.4,5,0.96,7.9,4.67,2,4,5,4,5,10801
78,0.4,5,0.96,7.9,4.33,1.5,3,3.5,3.67,4,9581
78,0.4,5,0.96,7.9,3.67,3,3,3,3.67,3,11344
78,0.4,5,0.96,7.9,4,3,5,4.5,4.67,5,10731
92,0.4,5,0.96,7.9,2.67,1.5,1,3.5,2.33,5,11957
78,0.4,5,0.96,7.9,2,1.5,3,4,3,3,12775
78,0.4,5,0.96,7.9,3.33,2,4,3,3,4.5,11497
62,0.4,5,0.96,7.9,4,2.5,3.5,3.5,4,4.5,11205
82,0.4,5,0.96,7.9,3,1.5,2.5,4.5,4,5,12317
87,0.4,5,0.96,7.9,5,3,5,3.5,4.67,5,12644
78,0.4,5,0.96,7.9,4,2.5,4,4.5,4.67,2.5,10986
78,0.4,5,0.96,7.9,2.33,2.5,3,2.5,3.67,5,11753
92,0.4,5,0.96,7.9,4,2,2.5,3,3,5,10435
77,0.4,5,0.96,7.9,3,3,3.5,3,3,3.5,11210
78,0.4,5,0.96,7.9,3,3,3,3.5,2.33,5,11242
70,0.4,5,0.96,7.9,2.67,2.5,4,2,3,3,10995
62,0.4,5,0.96,7.9,3.67,2,3,3.5,3.33,2,10885
128,0.4,5,0.96,7.9,5,5,5,4.5,4,5,9531
76,0.4,5,0.96,7.9,4,2,1.5,4,4.33,5,11842
92,0.4,5,0.96,7.9,3,3.5,3.5,3,3,3,10326
64,0.4,5,0.96,7.9,4.67,3,4,5,3,5,11250
62,0.4,5,0.96,7.9,3,3,3,4,3,2,10968
78,0.4,5,0.96,7.9,2.67,2.5,2.5,2.5,3,3,10858
81,0.4,5,0.96,7.9,3,3,3,3,2.67,3.5,12469
128,0.4,5,0.96,7.9,4,3.5,3.5,3,3.67,4,9531
76,0.4,5,0.96,7.9,3,3,3,4,4,3.5,11842
81,0.4,5,0.96,7.9,3,3,2,2,2,2,12469
81,0.4,5,0.96,7.9,4,1.5,3.5,3.5,3.67,5,11728
108,0.36,5,0.33,7.8,4.33,3,3,3,4,3.5,10926
108,0.36,5,0.33,7.8,3.67,1.5,4.5,2.5,2,5,12500
87,0.36,5,0.33,7.8,5,5,5,5,5,5,12069
85,0.36,5,0.33,7.8,5,2,3.5,2.5,4.33,5,11481
85,0.36,5,0.33,7.8,4.33,4,4,4,3.67,5,12285
88,0.36,5,0.33,7.8,2.67,2,3.5,4,4,5,10227
86,0.36,5,0.33,7.8,4.33,4,4.5,4,4,5,11628
88,0.36,5,0.33,7.8,4,2.5,3,3.5,4,5,11932
100,0.36,5,0.33,7.8,3,3,3.5,4,4,4.5,11000
90,0.36,5,0.33,7.8,4.33,2,5,2.5,3.67,5,10972
92,0.36,5,0.33,7.8,2,2,2,3,3,3.5,10870
89,0.36,5,0.33,7.8,3,2.5,4,3.5,3.33,5,11236
84,0.36,5,0.33,7.8,3,3,4,2,4,4.5,13333
118,0.36,5,0.33,7.8,5,3,5,4,5,5,11525
86,0.36,5,0.33,7.8,3.33,2.5,2.5,2.5,3,3,12209
86,0.36,5,0.33,7.8,3,2.5,3,3,3,5,12209
88,0.36,5,0.33,7.8,2,2,3,2.5,3,5,10795
106,0.36,5,0.33,7.8,3.67,3,4,4.5,3,5,11321
86,0.36,5,0.33,7.8,3,3,3,3,3.67,5,11395
104,0.36,5,0.33,7.8,5,4,4.5,4.5,5,5,11058
90,0.36,5,0.33,7.8,4,1.5,2,4,3.33,5,10972
92,0.36,5,0.33,7.8,4,2,1,4,3,3,12826
104,0.36,5,0.33,7.8,3,1.5,2,3,3.33,5,11154
108,0.36,5,0.33,7.8,5,2.5,4,5,3.33,5,10926
108,0.36,5,0.33,7.8,3,3,3,3,3,3,11574
85,0.36,5,0.33,7.8,3.33,3,4,4.5,3.67,5,11294
104,0.36,5,0.33,7.8,1.33,2,2,3,2,2,11154
108,0.36,5,0.33,7.8,4.33,1.5,2,4,3.67,5,11574
108,0.36,5,0.33,7.8,4,4,3.5,4,4.33,4.5,10880
88,0.36,5,0.33,7.8,2.33,1.5,4,3.5,3,5,11932
90,0.36,5,0.33,7.8,5,4.5,4,5,3.33,5,11111
103,0.36,5,0.33,7.8,3.67,3.5,2.5,4.5,3,5,11390
88,0.36,5,0.33,7.8,2.33,2,2.5,2.5,4.67,4,11364
104,0.36,5,0.33,7.8,3,2,3,2.5,2.67,4,11346
108,0.36,5,0.33,7.8,4.33,2.5,4,4.5,3.33,5,10926
89,0.36,5,0.33,7.8,4.33,2.5,3.5,3,2.67,5,11798
88,0.36,5,0.33,7.8,4.33,2,3.5,3.5,4.33,4.5,11932
104,0.36,5,0.33,7.8,2.67,1.5,3,3,2.33,3.5,11538
90,0.36,5,0.33,7.8,3,3.5,2.5,3.5,2.33,4,11111
99,0.36,5,0.33,7.8,2.33,1,3,3,2.33,5,10606
90,0.36,5,0.33,7.8,4.33,2.5,4,4.5,3.67,5,11111
106,0.36,5,0.33,7.8,4.33,2,4.5,2,5,4,10849
90,0.36,5,0.33,7.8,3,2,3,3,3,5,10667
85,0.36,5,0.33,7.8,3.33,2,3,3.5,4.67,5,12235
91,0.36,5,0.33,7.8,3.33,3,4,3.5,3.67,4,10879
89,0.36,5,0.33,7.8,2.67,3,3.5,4,4,4.5,11236
88,0.36,5,0.33,7.8,3,2.5,3.5,4,3.67,3.5,11250
92,0.36,5,0.33,7.8,3,4,1,1.5,2,1.5,11413
106,0.36,5,0.33,7.8,3,3,5,3,4,4.5,12075
88,0.36,5,0.33,7.8,4,5,4.5,4.5,3.67,5,12500
90,0.36,5,0.33,7.8,3,2,2,2,3,4,11111
86,0.36,5,0.33,7.8,2.67,3.5,4,1,2.33,3.5,13372
104,0.36,5,0.33,7.8,3.67,2.5,3,2,3,4,11538
88,0.36,5,0.33,7.8,2.67,3.5,3.5,4,3.33,5,11136
86,0.36,5,0.33,7.8,3.33,3,4,3,3.67,3.5,11512
123,0.36,5,0.33,7.8,4,2,3,4,2.67,5,12195
89,0.36,5,0.33,7.8,3.33,3.5,2.5,2.5,4.33,4,11461
86,0.36,5,0.33,7.8,3,2,2,3,3,2,11395
93,0.4,3,1.2,8.2,3.33,2,3,3,3.33,4,13301
93,0.4,3,1.2,8.2,3,2.5,5,3.5,4,5,13088
93,0.4,3,1.2,8.2,3.67,2,4,3.5,2,5,11705
92,0.4,3,1.2,8.2,3,2.5,3,3.5,3,5,13581
101,0.4,3,1.2,8.2,4.33,1.5,4,4,4,5,13800
92,0.4,3,1.2,8.2,3,3,3,3,3,3,12952
96,0.4,3,1.2,8.2,2,2,2,2,2,3,12804
106,0.4,3,1.2,8.2,4.67,1.5,5,4,5,5,16781
93,0.4,3,1.2,8.2,2.33,1.5,3.5,2.5,2,2,12769
93,0.4,3,1.2,8.2,5,4,4,5,5,5,13301
93,0.4,3,1.2,8.2,3,2.5,4,2.5,3.67,4.5,13088
93,0.4,3,1.2,8.2,3.33,3,4,4,4.33,3.5,12237
93,0.4,3,1.2,8.2,2.67,2,2,3,3,4,12769
106,0.4,3,1.2,8.2,3.67,2.5,5,5,2,3,13180
106,0.4,3,1.2,8.2,3,2.5,2.5,1,3,4.5,12427
92,0.4,3,1.2,8.2,2.33,3,3,3,3,4.5,15305
94,0.4,3,1.2,8.2,2.67,2,3,2.5,3,4,12543
92,0.4,3,1.2,8.2,3.33,3,3,3,3,3,15305
93,0.4,3,1.2,8.2,4.33,1.5,4.5,1,1.67,2.5,13301
101,0.4,3,1.2,8.2,4.33,3,3,4,2.67,5,14293
93,0.4,3,1.2,8.2,4.67,2.5,3.5,3.5,2.33,1.5,12769
96,0.4,3,1.2,8.2,3.67,4,4,3,4,3,12988
95,0.4,3,1.2,8.2,4,3,2.5,3.5,3.33,5,13590
93,0.4,3,1.2,8.2,2.67,2.5,3.5,2.5,4,5,12237
92,0.4,3,1.2,8.2,4.67,2.5,4,3,4.33,4,13581
106,0.4,3,1.2,8.2,2.67,2.5,4.5,3.5,3,3,12399
95,0.4,3,1.2,8.2,4.67,2,3.5,4,3,5,15158
94,0.4,3,1.2,8.2,4,3,4,4,3,4,12762
94,0.4,3,1.2,8.2,1.67,4,2,2.5,3.67,3.5,13818
96,0.4,3,1.2,8.2,5,5,5,5,5,5,12756
101,0.4,3,1.2,8.2,3.67,2,3,3,3,3,14293
92,0.4,3,1.2,8.2,3,2.5,2,2.5,3.33,4,13581
106,0.4,3,1.2,8.2,3.67,3.5,4,3.5,3,4.5,16981
92,0.4,3,1.2,8.2,3,2.5,3,3.5,4,5,12934
93,0.4,3,1.2,8.2,5,4.5,5,4.5,5,5,12237
101,0.4,3,1.2,8.2,3.67,3,3,3.5,4.33,5,13997
101,0.4,3,1.2,8.2,4.33,2.5,3.5,3.5,4,3,13800
95,0.4,3,1.2,8.2,3.67,2.5,2.5,2.5,3.33,5,13067
93,0.4,3,1.2,8.2,4.67,4.5,3.5,4.5,3.67,3.5,11811
93,0.4,3,1.2,8.2,4.33,3,3,4,4.33,5,11811
93,0.4,3,1.2,8.2,3.33,2.5,1.5,2.5,3,5,12609
93,0.4,3,1.2,8.2,4,3,4,5,4,4,12556
93,0.4,3,1.2,8.2,2.67,2,2.5,4.5,3.67,4,12875
81,0.4,4,1,7.5,4.67,3,4,4.5,2.67,4.5,11235
81,0.4,4,1,7.5,2.67,2.5,3.5,3.5,3.33,3,11728
80,0.4,4,1,7.5,3,1.5,4.5,2,3,5,11875
80,0.4,4,1,7.5,4,2,4,3,4.33,3,11875
87,0.4,4,1,7.5,4.67,4,5,4.5,4,5,10345
87,0.4,4,1,7.5,2,3.5,3,3,2,5,10345
87,0.4,4,1,7.5,2.33,1.5,1,4,4,5,11149
97,0.4,4,1,7.5,4.67,3,4,5,4.33,5,9588
89,0.4,4,1,7.5,4,4.5,4,4,4,5,12135
89,0.4,4,1,7.5,4,3,3,3,2.67,4,12135
90,0.4,4,1,7.5,3.67,3,4,4,3.33,3.5,11667
75,0.4,4,1,7.5,2.67,3,3,3,3,3,11609
89,0.4,4,1,7.5,3,2,3.5,3.5,4,5,10674
81,0.4,4,1,7.5,4,4,3,4,4,4,11235
80,0.4,4,1,7.5,3,3,4,4,4.33,4.5,11500
80,0.4,4,1,7.5,4.67,2.5,3.5,3,3.33,5,11250
80,0.4,4,1,7.5,3,2,2.5,4,3.67,5,11875
81,0.4,4,1,7.5,2.67,2.5,3,3,3,3.5,10741
87,0.4,4,1,7.5,5,3.5,5,5,5,5,12069
92,0.4,4,1,7.5,2.67,3,3.5,3,3,5,11304
87,0.4,4,1,7.5,3,4,4,3.5,3.33,3.5,12299
88,0.4,4,1,7.5,4,3.5,3.5,3,3,4.5,10227
87,0.4,4,1,7.5,5,4.5,5,5,5,5,12069
89,0.4,4,1,7.5,3.33,2,1.5,1.5,3,5,10239
89,0.4,4,1,7.5,2.33,2,4,3,3,5,11680
73,0.4,4,1,7.5,3.67,3.5,4.5,4,5,5,11507
80,0.4,4,1,7.5,3.33,1,4,4,4.33,3.5,12250
74,0.4,4,1,7.5,2.33,3,3.5,3.5,3.33,1.5,12124
80,0.4,4,1,7.5,3,2.5,4,3,4,2.5,11250
90,0.4,4,1,7.5,3,1.5,2.5,3.5,3.67,3.5,11444
112,0.4,4,1,7.5,3.67,1.5,2,2,4.67,3.5,10714
89,0.4,4,1,7.5,4.67,3,3.5,4.5,3.33,4.5,10337
89,0.4,4,1,7.5,3,2,2.5,2.5,3.67,4,11685
104,0.4,4,1,7.5,4,1.5,3.5,5,4.67,5,9615
72,0.4,4,1,7.5,3.33,2,2.5,3,3.67,4,12500
81,0.4,4,1,7.5,4,4,3.5,4,2,4.5,10741
95,0.4,4,1,7.5,2.67,2,3.5,3,3.33,2.5,10373
90,0.4,4,1,7.5,4.33,3,2.5,4.5,3.33,3,10000
104,0.4,4,1,7.5,4.33,5,5,2.5,3.33,5,9615
96,0.4,4,1,7.5,4,3.5,2.5,3,2,3,10938
96,0.4,4,1,7.5,3,1.5,2,3,4,3,12500
88,0.4,4,1,7.5,4,2,4,4,5,5,11705
87,0.4,4,1,7.5,3.33,1,5,5,4,4.5,10115
89,0.4,4,1,7.5,3,3,2.5,3,2.67,3,10787
81,0.4,4,1,7.5,4.33,3,4.5,3,4,5,11728
80,0.4,4,1,7.5,4.33,2,2,2.5,2.33,5,11500
97,0.4,4,1,7.5,4,2.5,4,3.5,4,4,11340
87,0.4,4,1,7.5,4.33,2,4,2.5,3.33,4.5,10345
87,0.4,4,1,7.5,3.67,3,3.5,3.5,5,5,11034
90,0.4,4,1,7.5,2.33,2,3,3,3,3,11667
89,0.4,4,1,7.5,4.33,1.5,2.5,4,3.33,5,11011
74,0.4,4,1,7.5,5,1.5,3,3,3,5,12394
112,0.4,4,1,7.5,4,2.5,3.5,4,3.67,5,10536
89,0.4,4,1,7.5,2.67,2.5,3,3,4,5,12135
78,0.4,4,1,7.5,5,3,5,5,5,5,11690
95,0.4,4,1,7.5,5,3,3.5,4,3.67,5,10478
80,0.4,4,1,7.5,3,4,3,2,3.67,3,11875
81,0.4,4,1,7.5,4.67,3,3.5,3.5,4,5,11481
80,0.4,4,1,7.5,3,1.5,3,2.5,3,3,11875
80,0.4,4,1,7.5,3,1.5,3,3,3.67,4,11875
89,0.4,4,1,7.5,3.33,1.5,2.5,2,3,5,12135
96,0.4,4,1,7.5,3,2,2,3.5,3.67,2.5,12500
88,0.4,4,1,7.5,3,2.5,4.5,4,2.67,3,11705
87,0.4,4,1,7.5,4,3,3,3.5,3.33,5,10115
33,0.35,4,0.662,7,5,3,5,3.5,5,5,9055
45,0.35,4,0.662,7,3.33,4.5,4.5,4.5,4.67,3,8664
30,0.35,4,0.662,7,3,3,3,3,3,3,8660
30,0.35,4,0.662,7,3,2,2,3,3,4,9400
30,0.35,4,0.662,7,5,1.5,3,4,4,5,9070
30,0.35,4,0.662,7,2.33,2.5,3.5,3.5,3.67,3.5,8667
33,0.35,4,0.662,7,3.67,2,2.5,3,3.33,5,8709
99,0.35,4,0.662,7,3.67,2.5,3,1,3,5,9619
98,0.35,4,0.662,7,4,2,4.5,3,3.33,4.5,9604
98,0.35,4,0.662,7,3.67,2,3.5,4,2.67,3.5,10000
94,0.35,4,0.662,7,3.33,4,4,4,4.33,5,10426
110,0.35,4,0.662,7,4,3,4,3,4.33,5,10455
91,0.35,4,0.662,7,2.67,2,3,3,3.67,4.5,10440
98,0.35,4,0.662,7,3.33,2,3.5,3,3,5,10000
112,0.35,4,0.662,7,5,2.5,4,3.5,4,5,10268
99,0.35,4,0.662,7,3,1,4,4,3.33,3.5,9697
99,0.35,4,0.662,7,3.33,2,5,3,4,4.5,9697
113,0.35,4,0.662,7,3,2,2,3,3,3,10177
111,0.35,4,0.662,7,3.33,4,3,2.5,3,3,8468
98,0.35,4,0.662,7,3,2.5,3,2.5,3,3,9796
96,0.35,4,0.662,7,3,2,2,3,3,5,10118
33,0.35,4,0.662,7,4,3.5,4,4,4,5,9055
96,0.35,4,0.662,7,5,2,1.5,3,2,4,12396
90,0.35,4,0.662,7,3,2.5,3,2.5,3,4.5,10889
94,0.35,4,0.662,7,3,1.5,2,3,2.67,2.5,10106
30,0.35,4,0.662,7,5,5,5,5,5,5,9333
32,0.35,4,0.662,7,3.33,2.5,4,3,2.67,5,9594
100,0.35,4,0.662,7,4.67,2,4,5,4,5,10500
95,0.35,4,0.662,7,4.33,1.5,3,3.5,3.67,4,10000
55,0.35,4,0.662,7,3.67,3,3,3,3.67,3,10727
99,0.35,4,0.662,7,4,3,5,4.5,4.67,5,9697
99,0.35,4,0.662,7,2.67,1.5,1,3.5,2.33,5,9899
103,0.35,4,0.662,7,2,1.5,3,4,3,3,10485
90,0.35,4,0.662,7,3.33,2,4,3,3,4.5,10556
99,0.35,4,0.662,7,4,2.5,3.5,3.5,4,4.5,9697
90,0.35,4,0.662,7,3,1.5,2.5,4.5,4,5,10556
99,0.35,4,0.662,7,5,3,5,3.5,4.67,5,9697
89,0.35,4,0.662,7,4,2.5,4,4.5,4.67,2.5,10974
98,0.35,4,0.662,7,2.33,2.5,3,2.5,3.67,5,9796
94,0.35,4,0.662,7,4,2,2.5,3,3,5,9787
33,0.35,4,0.662,7,3,3,3,3.5,2.33,5,8655
33,0.35,4,0.662,7,2.67,2.5,4,2,3,3,8709
99,0.35,4,0.662,7,3.67,2,3,3.5,3.33,2,10000
138,0.35,4,0.662,7,5,5,5,4.5,4,5,8333
110,0.35,4,0.662,7,4,2,1.5,4,4.33,5,8909
90,0.35,4,0.662,7,3,3.5,3.5,3,3,3,10444
90,0.35,4,0.662,7,4.67,3,4,5,3,5,10556
110,0.35,4,0.662,7,3,3,3,4,3,2,9636
110,0.35,4,0.662,7,2.67,2.5,2.5,2.5,3,3,8727
99,0.35,4,0.662,7,3,3,3,3,2.67,3.5,9697
110,0.35,4,0.662,7,4,3.5,3.5,3,3.67,4,10273
113,0.35,4,0.662,7,3,3,3,4,4,3.5,10442
112,0.35,4,0.662,7,3,3,2,2,2,2,10268
100,0.35,4,0.662,7,4,1.5,3.5,3.5,3.67,5,9600
98,0.35,4,0.662,7,4.67,3,3,3,3,5,9707
99,0.35,4,0.662,7,3,3,3,3,3,3,9619
30,0.35,4,0.662,7,2.67,1.5,3,3,2,3.5,9070
33,0.35,4,0.662,7,1.33,2.5,3,2.5,2,2.5,8709
32,0.35,4,0.662,7,3,3,4,5,4,5,9594
100,0.35,4,0.662,7,3,3,3.5,4.5,3.67,4.5,10500
99,0.35,4,0.662,7,3.33,1.5,4,4.5,3,5,9697
99,0.35,4,0.662,7,4,4.5,3.5,4,4.67,5,9697
99,0.35,4,0.662,7,3.67,2.5,3,3,2.67,4,9697
95,0.35,4,0.662,7,3,3,2,3,3.33,4,10000
100,0.35,4,0.662,7,3.33,2.5,4.5,3.5,5,5,9600
89,0.35,4,0.662,7,3.33,3,3,3,3.33,3.5,10674
99,0.35,4,0.662,7,3,3.5,3.5,3.5,4.33,3.5,9697
99,0.35,4,0.662,7,4,4,2.5,4,4,3.5,9899
99,0.35,4,0.662,7,3,3,4,4,3.33,4,9639
90,0.35,4,0.662,7,3,3,3,3,3,3,10556
90,0.35,4,0.662,7,5,5,5,4,5,5,10556
89,0.35,4,0.662,7,4,3,3.5,3,3.67,5,10974
99,0.35,4,0.662,7,3,3,3,2,2.67,3,9697
98,0.35,4,0.662,7,3.33,3,4,4.5,2.67,4,9796
94,0.35,4,0.662,7,4.33,5,3.5,3,3,5,9787
138,0.35,4,0.662,7,2.33,1,1,5,1.33,5,8333
103,0.35,4,0.662,7,3.33,2,2.5,3.5,2.67,3,10485
93,0.35,4,0.662,7,3.33,3,2.5,3.5,3.33,3.5,10215
100,0.35,4,0.662,7,3,3,3,3,3,3,9600
33,0.35,4,0.662,7,4,3,4,3,3.33,5,8655
55,0.35,4,0.662,7,5,3.5,5,4,5,5,10727
30,0.35,4,0.662,7,3.67,1.5,3.5,4,4.33,5,8837
30,0.35,4,0.662,7,3.67,3,2,4,3,5,9853
30,0.35,4,0.662,7,3.67,2,3,4,2.67,4,9400
37,0.35,4,0.662,7,4.67,3,3.5,5,3.33,5,8824
31,0.35,4,0.662,7,3.33,3,5,4.5,4,5,9758
99,0.35,4,0.662,7,3.33,1.5,3.5,3,3,5,9798
110,0.35,4,0.662,7,3,1,4.5,4.5,5,5,10000
90,0.35,4,0.662,7,4.33,1,5,3.5,4.33,5,10556
100,0.35,4,0.662,7,3,3,2,3,2.33,3,9900
30,0.35,4,0.662,7,4,1.5,4,5,5,4,9983
110,0.35,4,0.662,7,3,2.5,2,4,3,5,8727
99,0.35,4,0.662,7,4,1.5,4.5,3,4,5,9697
38,0.35,4,0.662,7,4,3,3.5,2.5,3.67,4,9474
35,0.35,4,0.662,7,4,2.5,4,4,4,4,9614
40,0.35,4,0.662,7,3.33,1.5,2,3.5,3.33,4,8950
35,0.35,4,0.662,7,2,3,2,2.5,3.33,3.5,9423
89,0.35,4,0.662,7,4,2,4.5,3,2.67,5,9852
110,0.35,4,0.662,7,3.67,2,3,3.5,3.67,5,9727
99,0.35,4,0.662,7,3,3.5,3,3,2.67,5,9697
100,0.35,4,0.662,7,2.33,2,3,3,3.67,4,9600
98,0.35,4,0.662,7,3,3,3.5,2.5,3,4,9714
46,0.35,4,0.662,7,4.33,3,4,4,3.67,3.5,9057
39,0.35,4,0.662,7,2.67,2,3,2.5,3,3,8974
37,0.35,4,0.662,7,3.67,4,4,4,4,5,9459
48,0.35,4,0.662,7,3.33,2,2.5,3.5,4.33,5,7063
110,0.35,4,0.662,7,4.33,3,3,3,4,3.5,10636
34,0.35,4,0.662,7,3.67,1.5,4.5,2.5,2,5,8912
35,0.35,4,0.662,7,5,5,5,5,5,5,9614
99,0.35,4,0.662,7,5,2,3.5,2.5,4.33,5,9697
99,0.35,4,0.662,7,4.33,4,4,4,3.67,5,9697
33,0.35,4,0.662,7,4.33,4,4.5,4,4,5,8958
99,0.35,4,0.662,7,4,2.5,3,3.5,4,5,9899
99,0.35,4,0.662,7,3,3,3.5,4,4,4.5,9697
99,0.35,4,0.662,7,4.33,2,5,2.5,3.67,5,9697
99,0.35,4,0.662,7,2,2,2,3,3,3.5,9697
110,0.35,4,0.662,7,3,2.5,4,3.5,3.33,5,8727
110,0.35,4,0.662,7,3,3,4,2,4,4.5,9727
35,0.35,4,0.662,7,5,3,5,4,5,5,9614
40,0.35,4,0.662,7,3.33,2.5,2.5,2.5,3,3,8950
35,0.35,4,0.662,7,3,2.5,3,3,3,5,9423
46,0.35,4,0.662,7,2,2,3,2.5,3,5,9057
90,0.35,4,0.662,7,3.67,3,4,4.5,3,5,10000
98,0.35,4,0.662,7,3,3,3,3,3.67,5,9714
37,0.35,4,0.662,7,5,4,4.5,4.5,5,5,8919
110,0.35,4,0.662,7,4,1.5,2,4,3.33,5,10636
39,0.35,4,0.662,7,4,2,1,4,3,3,8974
37,0.35,4,0.662,7,3,1.5,2,3,3.33,5,9459
48,0.35,4,0.662,7,5,2.5,4,5,3.33,5,7063
34,0.35,4,0.662,7,3,3,3,3,3,3,8912
135,0.4,3,1.1,5.8,3,3,3,3,3,3,9630
96,0.4,3,1.1,5.8,2.67,2,3.5,1.5,3.33,2,10208
92,0.4,3,1.1,5.8,2.33,2,3,2.5,2.33,5,10109
99,0.4,3,1.1,5.8,2.67,2,3.5,1.5,3.33,2,9798
68,0.4,3,1.1,5.8,3.33,3,3,3,3,3,10588
100,0.4,3,1.1,5.8,4.33,2.5,3,3,4.33,5,10600
68,0.4,3,1.1,5.8,3.67,2.5,4.5,4.5,4.33,4.5,9853
98,0.4,3,1.1,5.8,5,5,5,5,5,5,9694
132,0.4,3,1.1,5.8,4.33,2.5,3,4,2,4,9621
102,0.4,3,1.1,5.8,3.33,2.5,3,2.5,3,3.5,10294
92,0.4,3,1.1,5.8,3.33,2,3,3,3.33,4,10109
92,0.4,3,1.1,5.8,3,2.5,5,3.5,4,5,13476
93,0.4,3,1.1,5.8,3.67,2,4,3.5,2,5,9677
109,0.4,3,1.1,5.8,3,2.5,3,3.5,3,5,9863
89,0.4,3,1.1,5.8,4.33,1.5,4,4,4,5,11798
98,0.4,3,1.1,5.8,3,3,3,3,3,3,10204
72,0.4,3,1.1,5.8,2,2,2,2,2,3,9900
96,0.4,3,1.1,5.8,4.67,1.5,5,4,5,5,9896
115,0.4,3,1.1,5.8,2.33,1.5,3.5,2.5,2,2,10000
96,0.4,3,1.1,5.8,5,4,4,5,5,5,11250
131,0.4,3,1.1,5.8,3,2.5,4,2.5,3.67,4.5,8931
82,0.4,3,1.1,5.8,3.33,3,4,4,4.33,3.5,9756
97,0.4,3,1.1,5.8,2.67,2,2,3,3,4,9794
72,0.4,3,1.1,5.8,3.67,2.5,5,5,2,3,9900
104,0.4,3,1.1,5.8,3,2.5,2.5,1,3,4.5,10577
68,0.4,3,1.1,5.8,2.33,3,3,3,3,4.5,12059
70,0.4,3,1.1,5.8,2.67,2,3,2.5,3,4,9963
105,0.4,3,1.1,5.8,3.33,3,3,3,3,3,10286
131,0.4,3,1.1,5.8,4.33,1.5,4.5,1,1.67,2.5,9008
105,0.4,3,1.1,5.8,4.33,3,3,4,2.67,5,9714
68,0.4,3,1.1,5.8,4.67,2.5,3.5,3.5,2.33,1.5,11029
50,0.4,3,1.1,5.8,3.67,4,4,3,4,3,10400
95,0.4,3,1.1,5.8,4,3,2.5,3.5,3.33,5,12134
68,0.4,3,1.1,5.8,2.67,2.5,3.5,2.5,4,5,10441
68,0.4,3,1.1,5.8,4.67,2.5,4,3,4.33,4,10735
68,0.4,3,1.1,5.8,2.67,2.5,4.5,3.5,3,3,11176
93,0.4,3,1.1,5.8,4.67,2,3.5,4,3,5,9892
103,0.4,3,1.1,5.8,4,3,4,4,3,4,10194
130,0.4,3,1.1,5.8,1.67,4,2,2.5,3.67,3.5,9769
131,0.4,3,1.1,5.8,5,5,5,5,5,5,10153
98,0.4,3,1.1,5.8,3.67,2,3,3,3,3,9490
96,0.4,3,1.1,5.8,3,2.5,2,2.5,3.33,4,10208
70,0.4,3,1.1,5.8,3.67,3.5,4,3.5,3,4.5,10390
72,0.4,3,1.1,5.8,3,2.5,3,3.5,4,5,9900
109,0.4,3,1.1,5.8,5,4.5,5,4.5,5,5,9863
131,0.4,3,1.1,5.8,3.67,3,3,3.5,4.33,5,8931
105,0.4,3,1.1,5.8,4.33,2.5,3.5,3.5,4,3,10286
131,0.4,3,1.1,5.8,3.67,2.5,2.5,2.5,3.33,5,10153
91,0.4,3,1.1,5.8,4.67,4.5,3.5,4.5,3.67,3.5,10119
72,0.4,3,1.1,5.8,4.33,3,3,4,4.33,5,9900
96,0.4,3,1.1,5.8,3.33,2.5,1.5,2.5,3,5,10208
96,0.4,3,1.1,5.8,4,3,4,5,4,4,10208
131,0.4,3,1.1,5.8,2.67,2,2.5,4.5,3.67,4,9695
92,0.4,3,1.1,5.8,4.67,3,4,4.5,2.67,4.5,10109
109,0.4,3,1.1,5.8,2.67,2.5,3.5,3.5,3.33,3,9863
96,0.4,3,1.1,5.8,3,1.5,4.5,2,3,5,10208
131,0.4,3,1.1,5.8,4,2,4,3,4.33,3,9695
105,0.4,3,1.1,5.8,4.67,4,5,4.5,4,5,10286
93,0.4,3,1.1,5.8,2,3.5,3,3,2,5,10000
105,0.4,3,1.1,5.8,2.33,1.5,1,4,4,5,10286
93,0.4,3,1.1,5.8,4.67,3,4,5,4.33,5,9892
103,0.4,3,1.1,5.8,4,4.5,4,4,4,5,10194
96,0.4,3,1.1,5.8,4,3,3,3,2.67,4,10208
105,0.4,3,1.1,5.8,3.67,3,4,4,3.33,3.5,9714
109,0.4,3,1.1,5.8,2.67,3,3,3,3,3,9863
68,0.4,3,1.1,5.8,3,2,3.5,3.5,4,5,11029
68,0.4,3,1.1,5.8,4,4,3,4,4,4,10735
95,0.4,3,1.1,5.8,3,3,4,4,4.33,4.5,12134
68,0.4,3,1.1,5.8,4.67,2.5,3.5,3,3.33,5,11176
68,0.4,3,1.1,5.8,3,2,2.5,4,3.67,5,10441
50,0.4,3,1.1,5.8,2.67,2.5,3,3,3,3.5,10400
130,0.4,3,1.1,5.8,5,3.5,5,5,5,5,9769
96,0.4,3,1.1,5.8,2.67,3,3.5,3,3,5,10208
93,0.2,2,1.4,6.6,3,4,4,3.5,3.33,3.5,12355
95,0.2,2,1.4,6.6,4,3.5,3.5,3,3,4.5,12080
103,0.2,2,1.4,6.6,5,4.5,5,5,5,5,11844
95,0.2,2,1.4,6.6,3.33,2,1.5,1.5,3,5,12080
93,0.2,2,1.4,6.6,2.33,2,4,3,3,5,12516
115,0.2,2,1.4,6.6,3.67,3.5,4.5,4,5,5,9536
93,0.2,2,1.4,6.6,3.33,1,4,4,4.33,3.5,12355
93,0.2,2,1.4,6.6,2.33,3,3.5,3.5,3.33,1.5,12516
103,0.2,2,1.4,6.6,3,2.5,4,3,4,2.5,12092
93,0.2,2,1.4,6.6,3,1.5,2.5,3.5,3.67,3.5,12264
103,0.2,2,1.4,6.6,3.67,1.5,2,2,4.67,3.5,12136
89,0.2,2,1.4,6.6,4.67,3,3.5,4.5,3.33,4.5,12898
98,0.2,2,1.4,6.6,3,2,2.5,2.5,3.67,4,10376
89,0.2,2,1.4,6.6,4,1.5,3.5,5,4.67,5,12849
87,0.2,2,1.4,6.6,3.33,2,2.5,3,3.67,4,12005
94,0.2,2,1.4,6.6,4,4,3.5,4,2,4.5,13237
93,0.2,2,1.4,6.6,2.67,2,3.5,3,3.33,2.5,13011
95,0.2,2,1.4,6.6,4.33,3,2.5,4.5,3.33,3,12920
93,0.2,2,1.4,6.6,4.33,5,5,2.5,3.33,5,13330
127,0.2,2,1.4,6.6,4,3.5,2.5,3,2,3,8620
127,0.2,2,1.4,6.6,3,1.5,2,3,4,3,8620
127,0.2,2,1.4,6.6,4,2,4,4,5,5,8620
127,0.2,2,1.4,6.6,3.33,1,5,5,4,4.5,8620
145,0.2,2,1.4,6.6,3,3,2.5,3,2.67,3,8927
95,0.2,2,1.4,6.6,4.33,3,4.5,3,4,5,12185
89,0.2,2,1.4,6.6,4.33,2,2,2.5,2.33,5,12291
127,0.2,2,1.4,6.6,4,2.5,4,3.5,4,4,8620
127,0.2,2,1.4,6.6,4.33,2,4,2.5,3.33,4.5,8620
95,0.2,2,1.4,6.6,3.67,3,3.5,3.5,5,5,12080
95,0.2,2,1.4,6.6,2.33,2,3,3,3,3,12080
127,0.2,2,1.4,6.6,4.33,1.5,2.5,4,3.33,5,8620
95,0.2,2,1.4,6.6,5,1.5,3,3,3,5,12080
127,0.2,2,1.4,6.6,4,2.5,3.5,4,3.67,5,8620
127,0.2,2,1.4,6.6,2.67,2.5,3,3,4,5,8620
92,0.4,5,0.27,5.3,5,3,5,5,5,5,15017
92,0.4,5,0.27,5.3,5,3,3.5,4,3.67,5,14801
86,0.4,5,0.27,5.3,3,4,3,2,3.67,3,15686
86,0.4,5,0.27,5.3,4.67,3,3.5,3.5,4,5,16148
92,0.4,5,0.27,5.3,3,1.5,3,2.5,3,3,16746
92,0.4,5,0.27,5.3,3,1.5,3,3,3.67,4,15125
63,0.4,5,0.27,5.3,3.33,1.5,2.5,2,3,5,14236
92,0.4,5,0.27,5.3,3,2,2,3.5,3.67,2.5,15666
92,0.4,5,0.27,5.3,3,2.5,4.5,4,2.67,3,15449
92,0.4,5,0.27,5.3,4,3,3,3.5,3.33,5,16098
92,0.4,5,0.27,5.3,2.33,1.5,2.5,2.5,3.33,5,15125
92,0.4,5,0.27,5.3,5,3,5,3.5,5,5,13829
92,0.4,5,0.27,5.3,3.33,4.5,4.5,4.5,4.67,3,14909
120,0.4,5,0.27,5.3,3,3,3,3,3,3,15331
125,0.4,5,0.27,5.3,3,2,2,3,3,4,16800
90,0.4,5,0.27,5.3,5,1.5,3,4,4,5,16100
86,0.4,5,0.27,5.3,2.33,2.5,3.5,3.5,3.67,3.5,16161
103,0.4,5,0.27,5.3,3.67,2,2.5,3,3.33,5,15584
63,0.4,5,0.27,5.3,3.67,2.5,3,1,3,5,14236
63,0.4,5,0.27,5.3,4,2,4.5,3,3.33,4.5,15027
63,0.4,5,0.27,5.3,3.67,2,3.5,4,2.67,3.5,15027
63,0.4,5,0.27,5.3,3.33,4,4,4,4.33,5,13968
63,0.4,5,0.27,5.3,4,3,4,3,4.33,5,16129
63,0.4,5,0.27,5.3,2.67,2,3,3,3.67,4.5,14073
63,0.4,5,0.27,5.3,3.33,2,3.5,3,3,5,15397
63,0.4,5,0.27,5.3,5,2.5,4,3.5,4,5,15397
82,0.4,5,0.27,5.3,3,1,4,4,3.33,3.5,16892
103,0.4,5,0.27,5.3,3.33,2,5,3,4,4.5,16939
103,0.4,5,0.27,5.3,3,2,2,3,3,3,15471
137,0.4,5,0.27,5.3,3.33,4,3,2.5,3,3,15253
83,0.4,5,0.27,5.3,3,2.5,3,2.5,3,3,15060
63,0.4,5,0.27,5.3,3,2,2,3,3,5,15397
86,0.4,5,0.27,5.3,4,3.5,4,4,4,5,15043
120,0.4,5,0.27,5.3,5,2,1.5,3,2,4,15331
63,0.4,5,0.27,5.3,3,2.5,3,2.5,3,4.5,15397
115,0.4,5,0.27,5.3,3,1.5,2,3,2.67,2.5,15004
63,0.4,5,0.27,5.3,5,5,5,5,5,5,14231
63,0.4,5,0.27,5.3,3.33,2.5,4,3,2.67,5,14231
99,0.4,5,0.27,5.3,4.67,2,4,5,4,5,16153
90,0.4,5,0.27,5.3,4.33,1.5,3,3.5,3.67,4,15506
120,0.4,5,0.27,5.3,3.67,3,3,3,3.67,3,14751
82,0.4,5,0.27,5.3,4,3,5,4.5,4.67,5,16892
120,0.4,5,0.27,5.3,2.67,1.5,1,3.5,2.33,5,14502
122,0.4,5,0.27,5.3,2,1.5,3,4,3,3,16357
103,0.4,5,0.27,5.3,3.33,2,4,3,3,4.5,15971
86,0.4,5,0.27,5.3,4,2.5,3.5,3.5,4,4.5,16301
92,0.4,5,0.27,5.3,3,1.5,2.5,4.5,4,5,15666
92,0.4,5,0.27,5.3,5,3,5,3.5,4.67,5,15125
92,0.4,5,0.27,5.3,4,2.5,4,4.5,4.67,2.5,15125
63,0.4,5,0.27,5.3,2.33,2.5,3,2.5,3.67,5,15027
92,0.4,5,0.27,5.3,4,2,2.5,3,3,5,16206
92,0.4,5,0.27,5.3,3,3,3.5,3,3,3.5,15449
120,0.4,5,0.27,5.3,3,3,3,3.5,2.33,5,15331
63,0.4,5,0.27,5.3,2.67,2.5,4,2,3,3,14552
63,0.4,5,0.27,5.3,3.67,2,3,3.5,3.33,2,15027
63,0.4,5,0.27,5.3,5,5,5,4.5,4,5,15397
103,0.4,5,0.27,5.3,4,2,1.5,4,4.33,5,16939
86,0.4,5,0.27,5.3,3,3.5,3.5,3,3,3,16301
63,0.4,5,0.27,5.3,4.67,3,4,5,3,5,15397
103,0.4,5,0.27,5.3,3,3,3,4,3,2,15584
103,0.4,5,0.27,5.3,2.67,2.5,2.5,2.5,3,3,17423
86,0.4,5,0.27,5.3,3,3,3,3,2.67,3.5,16301
115,0.4,5,0.27,5.3,4,3.5,3.5,3,3.67,4,15004
122,0.4,5,0.27,5.3,3,3,3,4,4,3.5,16357
90,0.4,5,0.27,5.3,3,3,2,2,2,2,15506
82,0.4,5,0.27,5.3,4,1.5,3.5,3.5,3.67,5,16892
137,0.4,5,0.27,5.3,4.67,3,3,3,3,5,15253
122,0.4,5,0.27,5.3,3,3,3,3,3,3,16357
103,0.4,5,0.27,5.3,2.67,1.5,3,3,2,3.5,15487
122,0.4,5,0.27,5.3,1.33,2.5,3,2.5,2,2.5,14722
103,0.4,5,0.27,5.3,3,3,4,5,4,5,15971
92,0.4,5,0.27,5.3,3,3,3.5,4.5,3.67,4.5,15125
103,0.4,5,0.27,5.3,3.33,1.5,4,4.5,3,5,15971
99,0.4,5,0.27,5.3,4,4.5,3.5,4,4.67,5,16153
63,0.4,5,0.27,5.3,3.67,2.5,3,3,2.67,4,14711
99,0.4,5,0.27,5.3,3,3,2,3,3.33,4,16456
63,0.4,5,0.27,5.3,3.33,2.5,4.5,3.5,5,5,14231
82,0.4,5,0.27,5.3,3.33,3,3,3,3.33,3.5,16892
82,0.4,5,0.27,5.3,3,3.5,3.5,3.5,4.33,3.5,16409
102,0.4,5,0.27,5.3,4,4,2.5,4,4,3.5,17090
86,0.4,5,0.27,5.3,3,3,4,4,3.33,4,16185
90,0.4,5,0.27,5.3,3,3,3,3,3,3,16100
86,0.4,5,0.27,5.3,5,5,5,4,5,5,15043
99,0.4,5,0.27,5.3,4,3,3.5,3,3.67,5,15144
137,0.4,5,0.27,5.3,3,3,3,2,2.67,3,14526
120,0.4,5,0.27,5.3,3.33,3,4,4.5,2.67,4,15331
120,0.4,5,0.27,5.3,4.33,5,3.5,3,3,5,15331
120,0.4,5,0.27,5.3,3.33,1,3,5,2.67,5,14917
103,0.4,5,0.27,5.3,2.33,1,1,5,1.33,5,15487
86,0.4,5,0.27,5.3,3.33,2,2.5,3.5,2.67,3,15006
63,0.4,5,0.27,5.3,3.33,3,2.5,3.5,3.33,3.5,15397
63,0.4,5,0.27,5.3,3,3,3,3,3,3,15397
63,0.4,5,0.27,5.3,4,3,4,3,3.33,5,15397
63,0.4,5,0.27,5.3,5,3.5,5,4,5,5,15397
120,0.4,5,0.27,5.3,3.67,1.5,3.5,4,4.33,5,15331
63,0.4,5,0.27,5.3,3.67,3,2,4,3,5,14552
99,0.4,5,0.27,5.3,3.67,2,3,4,2.67,4,16153
63,0.4,5,0.27,5.3,4.67,3,3.5,5,3.33,5,16129
63,0.4,5,0.27,5.3,3.33,3,5,4.5,4,5,14231
63,0.4,5,0.27,5.3,3.33,1.5,3.5,3,3,5,14073
63,0.4,5,0.27,5.3,3,1,4.5,4.5,5,5,15027
63,0.4,5,0.27,5.3,4.33,1,5,3.5,4.33,5,14231
137,0.4,5,0.27,5.3,3,3,2,3,2.33,3,15979
82,0.4,5,0.27,5.3,4,1.5,4,5,5,4,16892
86,0.4,5,0.27,5.3,3,2.5,2,4,3,5,16185
92,0.4,5,0.27,5.3,4,1.5,4.5,3,4,5,15130
83,0.4,5,0.27,5.3,4,3,3.5,2.5,3.67,4,15060
103,0.4,5,0.27,5.3,4,2.5,4,4,4,4,15971
103,0.4,5,0.27,5.3,3.33,1.5,2,3.5,3.33,4,16939
115,0.4,5,0.27,5.3,2,3,2,2.5,3.33,3.5,14744
103,0.4,5,0.27,5.3,4,2,4.5,3,2.67,5,15487
90,0.4,5,0.27,5.3,3.67,2,3,3.5,3.67,5,16433
86,0.4,5,0.27,5.3,3,3.5,3,3,2.67,5,16161
120,0.4,5,0.27,5.3,2.33,2,3,3,3.67,4,15248
82,0.4,5,0.27,5.3,3,3,3.5,2.5,3,4,16289
103,0.4,5,0.27,5.3,4.33,3,4,4,3.67,3.5,14035
92,0.4,5,0.27,5.3,2.67,2,3,2.5,3,3,14693
63,0.4,5,0.27,5.3,3.67,4,4,4,4,5,15397
86,0.4,5,0.27,5.3,3.33,2,2.5,3.5,4.33,5,15043
63,0.4,5,0.27,5.3,4.33,3,3,3,4,3.5,15397
63,0.4,5,0.27,5.3,3.67,1.5,4.5,2.5,2,5,15397
63,0.4,5,0.27,5.3,5,5,5,5,5,5,15397
63,0.4,5,0.27,5.3,5,2,3.5,2.5,4.33,5,14711
63,0.4,5,0.27,5.3,4.33,4,4,4,3.67,5,14236
137,0.4,5,0.27,5.3,2.67,2,3.5,4,4,5,15979
63,0.4,5,0.27,5.3,4.33,4,4.5,4,4,5,14231
63,0.4,5,0.27,5.3,4,2.5,3,3.5,4,5,15027
63,0.4,5,0.27,5.3,3,3,3.5,4,4,4.5,14552
63,0.4,5,0.27,5.3,4.33,2,5,2.5,3.67,5,14231
63,0.4,5,0.27,5.3,2,2,2,3,3,3.5,14711
63,0.4,5,0.27,5.3,3,2.5,4,3.5,3.33,5,15813
63,0.4,5,0.27,5.3,3,3,4,2,4,4.5,14236
63,0.4,5,0.27,5.3,5,3,5,4,5,5,15027
63,0.4,5,0.27,5.3,3.33,2.5,2.5,2.5,3,3,13968
86,0.4,5,0.27,5.3,3,2.5,3,3,3,5,15029
137,0.4,5,0.27,5.3,2,2,3,2.5,3,5,15616
82,0.4,5,0.27,5.3,3.67,3,4,4.5,3,5,16892
92,0.4,5,0.27,5.3,3,3,3,3,3.67,5,15125
103,0.4,5,0.27,5.3,5,4,4.5,4.5,5,5,17617
99,0.4,5,0.27,5.3,4,1.5,2,4,3.33,5,15952
103,0.4,5,0.27,5.3,4,2,1,4,3,3,16649
102,0.4,5,0.27,5.3,3,1.5,2,3,3.33,5,16602
137,0.4,5,0.27,5.3,5,2.5,4,5,3.33,5,14890
82,0.4,5,0.27,5.3,3,3,3,3,3,3,15685
103,0.4,5,0.27,5.3,3.33,3,4,4.5,3.67,5,17230
86,0.4,5,0.27,5.3,1.33,2,2,3,2,2,16161
99,0.4,5,0.27,5.3,4.33,1.5,2,4,3.67,5,14134
99,0.4,5,0.27,5.3,4,4,3.5,4,4.33,4.5,15952
86,0.4,5,0.27,5.3,2.33,1.5,4,3.5,3,5,14496
137,0.4,5,0.27,5.3,5,4.5,4,5,3.33,5,14526
92,0.4,5,0.27,5.3,3.67,3.5,2.5,4.5,3,5,14266
104,0.4,5,0.27,5.3,2.33,2,2.5,2.5,4.67,4,15254
92,0.4,5,0.27,5.3,3,2,3,2.5,2.67,4,15116
92,0.4,5,0.27,5.3,4.33,2.5,4,4.5,3.33,5,16746
92,0.4,5,0.27,5.3,4.33,2.5,3.5,3,2.67,5,15666
101,0.4,5,0.27,5.3,4.33,2,3.5,3.5,4.33,4.5,14790
82,0.4,5,0.27,5.3,2.67,1.5,3,3,2.33,3.5,15444
85,0.4,5,0.27,5.3,3,3.5,2.5,3.5,2.33,4,14591
92,0.4,5,0.27,5.3,2.33,1,3,3,2.33,5,15990
103,0.4,5,0.27,5.3,4.33,2.5,4,4.5,3.67,5,16455
124,0.4,5,0.27,5.3,4.33,2,4.5,2,5,4,16839
101,0.4,5,0.27,5.3,3,2,3,3,3,5,13804
90,0.4,5,0.27,5.3,3.33,2,3,3.5,4.67,5,17211
90,0.4,5,0.27,5.3,3.33,3,4,3.5,3.67,4,17211
85,0.4,5,0.27,5.3,2.67,3,3.5,4,4,4.5,16902
92,0.4,5,0.27,5.3,3,2.5,3.5,4,3.67,3.5,15449
92,0.4,5,0.27,5.3,3,4,1,1.5,2,1.5,15449
120,0.4,5,0.27,5.3,3,3,5,3,4,4.5,15165
120,0.4,5,0.27,5.3,4,5,4.5,4.5,3.67,5,15331
92,0.4,5,0.27,5.3,3,2,2,2,3,4,15125
120,0.4,5,0.27,5.3,2.67,3.5,4,1,2.33,3.5,16988
92,0.4,5,0.27,5.3,3.67,2.5,3,2,3,4,15125
115,0.4,5,0.27,5.3,2.67,3.5,3.5,4,3.33,5,14918
120,0.4,5,0.27,5.3,3.33,3,4,3,3.67,3.5,15326
93,0.4,5,0.27,5.3,4,2,3,4,2.67,5,13972
120,0.4,5,0.27,5.3,3.33,3.5,2.5,2.5,4.33,4,15331
120,0.4,5,0.27,5.3,3,2,2,3,3,2,15290
120,0.4,5,0.27,5.3,2.67,3,2.5,2.5,3,2.5,15290
120,0.4,5,0.27,5.3,4,1.5,3,1,2.67,4,14502
99,0.4,5,0.27,5.3,2.67,3,4,2.5,3.67,3.5,15952
92,0.4,5,0.27,5.3,5,5,5,5,5,5,15116
103,0.4,5,0.27,5.3,3.33,1.5,4,3.5,4,5,17617
86,0.4,5,0.27,5.3,4,4,5,5,4,5,14496
124,0.4,5,0.27,5.3,2.67,2.5,4,4,3.33,5,16839
137,0.4,5,0.27,5.3,3.33,4,4,4,5,5,14890
82,0.4,5,0.27,5.3,4.67,3.5,3,3,4,5,15685
120,0.4,5,0.27,5.3,4,2,5,4,3.33,5,14088
101,0.4,5,0.27,5.3,4,4,4,4,4,4,13804
86,0.4,5,0.27,5.3,5,5,5,5,5,5,13916
120,0.4,5,0.27,5.3,3,3,3,3,3,3,14917
120,0.4,5,0.27,5.3,2.67,2,3.5,1.5,3.33,2,15331
90,0.4,5,0.27,5.3,2.33,2,3,2.5,2.33,5,15545
115,0.4,5,0.27,5.3,2.67,2,3.5,1.5,3.33,2,14918
103,0.4,5,0.27,5.3,3.33,3,3,3,3,3,16649
86,0.4,5,0.27,5.3,4.33,2.5,3,3,4.33,5,15274
82,0.4,5,0.27,5.3,3.67,2.5,4.5,4.5,4.33,4.5,15444
85,0.4,5,0.27,5.3,5,5,5,5,5,5,14591
124,0.4,5,0.27,5.3,4.33,2.5,3,4,2,4,14433
90,0.4,5,0.27,5.3,3.33,2.5,3,2.5,3,3.5,13955
124,0.4,5,0.27,5.3,3.33,2,3,3,3.33,4,16839
90,0.4,5,0.27,5.3,3,2.5,5,3.5,4,5,15767
63,0.4,5,0.27,5.3,3.67,2,4,3.5,2,5,15027
122,0.4,5,0.27,5.3,3,2.5,3,3.5,3,5,16357
124,0.4,5,0.27,5.3,4.33,1.5,4,4,4,5,16839
122,0.4,5,0.27,5.3,3,3,3,3,3,3,16357
90,0.4,5,0.27,5.3,2,2,2,2,2,3,14287
137,0.4,5,0.27,5.3,4.67,1.5,5,4,5,5,14526
86,0.4,5,0.27,5.3,2.33,1.5,3.5,2.5,2,2,14545
104,0.4,5,0.27,5.3,5,4,4,5,5,5,15254
86,0.4,5,0.27,5.3,3,2.5,4,2.5,3.67,4.5,15076
99,0.4,5,0.27,5.3,3.33,3,4,4,4.33,3.5,15952
86,0.4,5,0.27,5.3,2.67,2,2,3,3,4,16161
63,0.4,5,0.27,5.3,3.67,2.5,5,5,2,3,16129
92,0.4,5,0.27,5.3,3,2.5,2.5,1,3,4.5,14266
92,0.4,5,0.27,5.3,2.33,3,3,3,3,4.5,15454
90,0.4,5,0.27,5.3,2.67,2,3,2.5,3,4,17211
90,0.4,5,0.27,5.3,3.33,3,3,3,3,3,17211
85,0.4,5,0.27,5.3,4.33,1.5,4.5,1,1.67,2.5,16902
92,0.4,5,0.27,5.3,4.33,3,3,4,2.67,5,15666
92,0.4,5,0.27,5.3,4.67,2.5,3.5,3.5,2.33,1.5,15449
63,0.4,5,0.27,5.3,3.67,4,4,3,4,3,16762
63,0.4,5,0.27,5.3,4,3,2.5,3.5,3.33,5,15813
63,0.4,5,0.27,5.3,2.67,2.5,3.5,2.5,4,5,14236
63,0.4,5,0.27,5.3,4.67,2.5,4,3,4.33,4,14711
137,0.4,5,0.27,5.3,2.67,2.5,4.5,3.5,3,3,15253
63,0.4,5,0.27,5.3,4.67,2,3.5,4,3,5,15343
63,0.4,5,0.27,5.3,4,3,4,4,3,4,15397
137,0.4,5,0.27,5.3,1.67,4,2,2.5,3.67,3.5,15979
63,0.4,5,0.27,5.3,5,5,5,5,5,5,14552
137,0.4,5,0.27,5.3,3.67,2,3,3,3,3,14526
63,0.4,5,0.27,5.3,3,2.5,2,2.5,3.33,4,14711
63,0.4,5,0.27,5.3,3.67,3.5,4,3.5,3,4.5,14552
63,0.4,5,0.27,5.3,3,2.5,3,3.5,4,5,14236
63,0.4,5,0.27,5.3,5,4.5,5,4.5,5,5,13920
63,0.4,5,0.27,5.3,3.67,3,3,3.5,4.33,5,14231
63,0.4,5,0.27,5.3,4.33,2.5,3.5,3.5,4,3,14548
63,0.4,5,0.27,5.3,3.67,2.5,2.5,2.5,3.33,5,15497
120,0.4,5,0.27,5.3,4.67,4.5,3.5,4.5,3.67,3.5,15331
92,0.4,5,0.27,5.3,4.33,3,3,4,4.33,5,15125
115,0.4,5,0.27,5.3,3.33,2.5,1.5,2.5,3,5,14918
90,0.4,5,0.27,5.3,4,3,4,5,4,4,15545
93,0.4,5,0.27,5.3,2.67,2,2.5,4.5,3.67,4,13972
92,0.4,5,0.27,5.3,4.67,3,4,4.5,2.67,4.5,14909
92,0.4,5,0.27,5.3,2.67,2.5,3.5,3.5,3.33,3,14266
120,0.4,5,0.27,5.3,3,1.5,4.5,2,3,5,15326
124,0.4,5,0.27,5.3,4,2,4,3,4.33,3,16839
120,0.4,5,0.27,5.3,4.67,4,5,4.5,4,5,15331
85,0.4,5,0.27,5.3,2,3.5,3,3,2,5,16902
120,0.4,5,0.27,5.3,2.33,1.5,1,4,4,5,14088
92,0.4,5,0.27,5.3,4.67,3,4,5,4.33,5,15666
92,0.4,5,0.27,5.3,4,4.5,4,4,4,5,15449
86,0.4,5,0.27,5.3,4,3,3,3,2.67,4,13916
86,0.4,5,0.27,5.3,3.67,3,4,4,3.33,3.5,16161
92,0.4,5,0.27,5.3,2.67,3,3,3,3,3,15449
120,0.4,5,0.27,5.3,3,2,3.5,3.5,4,5,15290
120,0.4,5,0.27,5.3,4,4,3,4,4,4,14917
90,0.4,5,0.27,5.3,3,3,4,4,4.33,4.5,15323
120,0.4,5,0.27,5.3,4.67,2.5,3.5,3,3.33,5,15331
120,0.4,5,0.27,5.3,3,2,2.5,4,3.67,5,14502
86,0.4,5,0.27,5.3,2.67,2.5,3,3,3,3.5,15076
63,0.4,5,0.27,5.3,5,3.5,5,5,5,5,14394
122,0.4,5,0.27,5.3,2.67,3,3.5,3,3,5,15539
137,0.4,5,0.27,5.3,3,4,4,3.5,3.33,3.5,14236
137,0.4,5,0.27,5.3,4,3.5,3.5,3,3,4.5,15616
86,0.4,5,0.27,5.3,5,4.5,5,5,5,5,16763
122,0.4,5,0.27,5.3,3.33,2,1.5,1.5,3,5,15539
63,0.4,5,0.27,5.3,2.33,2,4,3,3,5,14711
137,0.4,5,0.27,5.3,3.67,3.5,4.5,4,5,5,14526
63,0.4,5,0.27,5.3,3.33,1,4,4,4.33,3.5,14627
99,0.4,5,0.27,5.3,2.33,3,3.5,3.5,3.33,1.5,14942
92,0.4,5,0.27,5.3,3,2.5,4,3,4,2.5,14801
103,0.4,5,0.27,5.3,3,1.5,2.5,3.5,3.67,3.5,16746
92,0.4,5,0.27,5.3,3.67,1.5,2,2,4.67,3.5,16206
103,0.4,5,0.27,5.3,4.67,3,3.5,4.5,3.33,4.5,16939
99,0.4,5,0.27,5.3,3,2,2.5,2.5,3.67,4,16153
92,0.4,5,0.27,5.3,4,1.5,3.5,5,4.67,5,14585
99,0.4,5,0.27,5.3,3.33,2,2.5,3,3.67,4,16153
83,0.4,5,0.27,5.3,4,4,3.5,4,2,4.5,16265
122,0.4,5,0.27,5.3,2.67,2,3.5,3,3.33,2.5,16357
63,0.4,5,0.27,5.3,4.33,3,2.5,4.5,3.33,3,15022
63,0.4,5,0.27,5.3,4.33,5,5,2.5,3.33,5,14711
85,0.4,5,0.27,5.3,4,3.5,2.5,3,2,3,16397
101,0.4,5,0.27,5.3,3,1.5,2,3,4,3,13804
92,0.4,5,0.27,5.3,4,2,4,4,5,5,14045
103,0.4,5,0.27,5.3,3.33,1,5,5,4,4.5,15294
63,0.4,5,0.27,5.3,3,3,2.5,3,2.67,3,15022
137,0.4,5,0.27,5.3,4.33,3,4.5,3,4,5,14454
124,0.4,5,0.27,5.3,4.33,2,2,2.5,2.33,5,16839
63,0.4,5,0.27,5.3,4,2.5,4,3.5,4,4,14869
63,0.4,5,0.27,5.3,4.33,2,4,2.5,3.33,4.5,13915
63,0.4,5,0.27,5.3,3.67,3,3.5,3.5,5,5,14711
63,0.4,5,0.27,5.3,2.33,2,3,3,3,3,14706
63,0.4,5,0.27,5.3,4.33,1.5,2.5,4,3.33,5,14390
90,0.4,5,0.27,5.3,5,1.5,3,3,3,5,15545
124,0.4,5,0.27,5.3,4,2.5,3.5,4,3.67,5,16839
92,0.4,5,0.27,5.3,2.67,2.5,3,3,4,5,16746
99,0.4,5,0.27,5.3,5,3,5,5,5,5,13629
99,0.4,5,0.27,5.3,5,3,3.5,4,3.67,5,16153
103,0.4,5,0.27,5.3,3,4,3,2,3.67,3,17036
99,0.4,5,0.27,5.3,4.67,3,3.5,3.5,4,5,16456
137,0.4,5,0.27,5.3,3,1.5,3,2.5,3,3,15616
103,0.4,5,0.27,5.3,3,1.5,3,3,3.67,4,16746
92,0.4,5,0.27,5.3,3.33,1.5,2.5,2,3,5,14585
83,0.4,5,0.27,5.3,3,2,2,3.5,3.67,2.5,16265
122,0.4,5,0.27,5.3,3,2.5,4.5,4,2.67,3,16357
63,0.4,5,0.27,5.3,4,3,3,3.5,3.33,5,15022
92,0.4,5,0.27,5.3,2.33,1.5,2.5,2.5,3.33,5,14045
63,0.4,5,0.27,5.3,5,3,5,3.5,5,5,14711
85,0.4,5,0.27,5.3,3.33,4.5,4.5,4.5,4.67,3,16397
101,0.4,5,0.27,5.3,3,3,3,3,3,3,13804
124,0.4,5,0.27,5.3,3,2,2,3,3,4,16839
63,0.4,5,0.27,5.3,5,1.5,3,4,4,5,14706
63,0.4,5,0.27,5.3,2.33,2.5,3.5,3.5,3.67,3.5,15022
63,0.4,5,0.27,5.3,3.67,2,2.5,3,3.33,5,14869
63,0.4,5,0.27,5.3,3.67,2.5,3,1,3,5,15022
63,0.4,5,0.27,5.3,4,2,4.5,3,3.33,4.5,14390
92,0.4,5,0.27,5.3,3.67,2,3.5,4,2.67,3.5,16098
92,0.4,5,0.27,5.3,3.33,4,4,4,4.33,5,15125
63,0.4,5,0.27,5.3,4,3,4,3,4.33,5,14711
63,0.4,5,0.27,5.3,2.67,2,3,3,3.67,4.5,16287
99,0.4,5,0.27,5.3,3.33,2,3.5,3,3,5,16153
103,0.4,5,0.27,5.3,5,2.5,4,3.5,4,5,15971
90,0.4,5,0.27,5.3,3,1,4,4,3.33,3.5,16100
82,0.4,5,0.27,5.3,3.33,2,5,3,4,4.5,14225
63,0.4,5,0.27,5.3,3,2,2,3,3,3,13915
122,0.4,5,0.27,5.3,3.33,4,3,2.5,3,3,16194
137,0.4,5,0.27,5.3,3,2.5,3,2.5,3,3,14454
90,0.4,5,0.27,5.3,3,2,2,3,3,5,14952
104,0.4,5,0.27,5.3,4,3.5,4,4,4,5,15540
86,0.4,5,0.27,5.3,5,2,1.5,3,2,4,14545
99,0.4,5,0.27,5.3,3,2.5,3,2.5,3,4.5,14740
104,0.4,5,0.27,5.3,3,1.5,2,3,2.67,2.5,14301
90,0.4,5,0.27,5.3,5,5,5,5,5,5,17211
92,0.4,5,0.27,5.3,3.33,2.5,4,3,2.67,5,15341
92,0.4,5,0.27,5.3,4.67,2,4,5,4,5,15449
86,0.4,5,0.27,5.3,4.33,1.5,3,3.5,3.67,4,17315
104,0.4,5,0.27,5.3,3.67,3,3,3,3.67,3,13628
92,0.4,5,0.27,5.3,4,3,5,4.5,4.67,5,16195
99,0.4,5,0.27,5.3,2.67,1.5,1,3.5,2.33,5,15043
86,0.4,5,0.27,5.3,2,1.5,3,4,3,3,15390
92,0.4,5,0.27,5.3,3.33,2,4,3,3,4.5,15341
63,0.4,5,0.27,5.3,4,2.5,3.5,3.5,4,4.5,13968
85,0.4,5,0.27,5.3,3,1.5,2.5,4.5,4,5,15758
92,0.4,5,0.27,5.3,5,3,5,3.5,4.67,5,14590
120,0.4,5,0.27,5.3,4,2.5,4,4.5,4.67,2.5,15331
138,0.4,5,0.27,5.3,2.33,2.5,3,2.5,3.67,5,16377
87,0.4,5,0.27,5.3,4,2,2.5,3,3,5,16667
92,0.4,5,0.27,5.3,3,3,3.5,3,3,3.5,15130
103,0.4,5,0.27,5.3,3,3,3,3.5,2.33,5,16939
99,0.4,5,0.27,5.3,2.67,2.5,4,2,3,3,16456
99,0.4,5,0.27,5.3,3.67,2,3,3.5,3.33,2,16456
101,0.4,5,0.27,5.3,5,5,5,4.5,4,5,13804
103,0.4,5,0.27,5.3,4,2,1.5,4,4.33,5,15294
92,0.4,5,0.27,5.3,3,3.5,3.5,3,3,3,15125
92,0.4,5,0.27,5.3,4.67,3,4,5,3,5,15449
87,0.4,5,0.27,5.3,3,3,3,4,3,2,16667
63,0.4,5,0.27,5.3,2.67,2.5,2.5,2.5,3,3,13968
63,0.4,5,0.27,5.3,3,3,3,3,2.67,3.5,15397
63,0.4,5,0.27,5.3,4,3.5,3.5,3,3.67,4,15397
63,0.4,5,0.27,5.3,3,3,3,4,4,3.5,15397
82,0.46,6,0.73,8.3,3,3,2,2,2,2,10290
83,0.46,6,0.73,8.3,4,1.5,3.5,3.5,3.67,5,10241
81,0.46,6,0.73,8.3,4.67,3,3,3,3,5,11605
82,0.46,6,0.73,8.3,3,3,3,3,3,3,11585
83,0.46,6,0.73,8.3,2.67,1.5,3,3,2,3.5,10602
83,0.46,6,0.73,8.3,1.33,2.5,3,2.5,2,2.5,10241
110,0.46,6,0.73,8.3,3,3,4,5,4,5,12273
82,0.46,6,0.73,8.3,3,3,3.5,4.5,3.67,4.5,11585
110,0.46,6,0.73,8.3,3.33,1.5,4,4.5,3,5,11364
110,0.46,6,0.73,8.3,4,4.5,3.5,4,4.67,5,12273
83,0.46,6,0.73,8.3,3.67,2.5,3,3,2.67,4,10843
101,0.46,6,0.73,8.3,3,3,2,3,3.33,4,11386
81,0.46,6,0.73,8.3,3.33,2.5,4.5,3.5,5,5,10864
83,0.46,6,0.73,8.3,3.33,3,3,3,3.33,3.5,10723
83,0.46,6,0.73,8.3,3,3.5,3.5,3.5,4.33,3.5,9639
81,0.46,6,0.73,8.3,4,4,2.5,4,4,3.5,11111
85,0.46,6,0.73,8.3,3,3,4,4,3.33,4,10000
83,0.46,6,0.73,8.3,3,3,3,3,3,3,10241
83,0.46,6,0.73,8.3,5,5,5,4,5,5,10241
85,0.46,6,0.73,8.3,4,3,3.5,3,3.67,5,10353
83,0.46,6,0.73,8.3,3,3,3,2,2.67,3,11688
83,0.46,6,0.73,8.3,3.33,3,4,4.5,2.67,4,11330
85,0.46,6,0.73,8.3,4.33,5,3.5,3,3,5,10471
101,0.46,6,0.73,8.3,3.33,1,3,5,2.67,5,11386
82,0.46,6,0.73,8.3,2.33,1,1,5,1.33,5,10854
80,0.46,6,0.73,8.3,3.33,2,2.5,3.5,2.67,3,10625
83,0.46,6,0.73,8.3,3.33,3,2.5,3.5,3.33,3.5,11330
83,0.46,6,0.73,8.3,3,3,3,3,3,3,10241
83,0.46,6,0.73,8.3,4,3,4,3,3.33,5,10723
83,0.46,6,0.73,8.3,5,3.5,5,4,5,5,9639
83,0.46,6,0.73,8.3,3.67,1.5,3.5,4,4.33,5,10000
83,0.46,6,0.73,8.3,3.67,3,2,4,3,5,10241
83,0.46,6,0.73,8.3,3.67,2,3,4,2.67,4,10972
83,0.46,6,0.73,8.3,4.67,3,3.5,5,3.33,5,10972
83,0.46,6,0.73,8.3,3.33,3,5,4.5,4,5,10241
106,0.46,6,0.73,8.3,3.33,1.5,3.5,3,3,5,9434
99,0.46,6,0.73,8.3,3,1,4.5,4.5,5,5,8262
82,0.46,6,0.73,8.3,4.33,1,5,3.5,4.33,5,10291
101,0.46,6,0.73,8.3,4,1.5,4,5,5,4,11386
82,0.46,6,0.73,8.3,3,2.5,2,4,3,5,11585
81,0.46,6,0.73,8.3,4,1.5,4.5,3,4,5,11605
83,0.46,6,0.73,8.3,4,3,3.5,2.5,3.67,4,10972
83,0.46,6,0.73,8.3,4,2.5,4,4,4,4,10241
80,0.46,6,0.73,8.3,3.33,1.5,2,3.5,3.33,4,10625
80,0.46,6,0.73,8.3,2,3,2,2.5,3.33,3.5,11625
83,0.46,6,0.73,8.3,4,2,4.5,3,2.67,5,10241
83,0.46,6,0.73,8.3,3.67,2,3,3.5,3.67,5,10241
81,0.46,6,0.73,8.3,2.33,2,3,3,3.67,4,11605
101,0.46,6,0.73,8.3,3,3,3.5,2.5,3,4,11881
83,0.46,6,0.73,8.3,4.33,3,4,4,3.67,3.5,11446
83,0.46,6,0.73,8.3,2.67,2,3,2.5,3,3,10241
83,0.46,6,0.73,8.3,3.67,4,4,4,4,5,10241
81,0.46,6,0.73,8.3,4.33,3,3,3,4,3.5,11605
83,0.46,6,0.73,8.3,3.67,1.5,4.5,2.5,2,5,10241
82,0.46,6,0.73,8.3,5,5,5,5,5,5,11585
81,0.46,6,0.73,8.3,4.33,4,4,4,3.67,5,11605
83,0.46,6,0.73,8.3,2.67,2,3.5,4,4,5,11205
83,0.46,6,0.73,8.3,4.33,4,4.5,4,4,5,10000
83,0.46,6,0.73,8.3,4,2.5,3,3.5,4,5,9639
83,0.46,6,0.73,8.3,3,3,3.5,4,4,4.5,10972
83,0.46,6,0.73,8.3,4.33,2,5,2.5,3.67,5,10972
82,0.46,6,0.73,8.3,2,2,2,3,3,3.5,10291
83,0.46,6,0.73,8.3,3,2.5,4,3.5,3.33,5,10482
99,0.46,6,0.73,8.3,5,3,5,4,5,5,8262
89,0.4,5,0.7,6.6,3.67,3,4,4.5,3,5,13224
95,0.4,5,0.7,6.6,3,3,3,3,3.67,5,14421
88,0.4,5,0.7,6.6,5,4,4.5,4.5,5,5,15227
86,0.4,5,0.7,6.6,4,1.5,2,4,3.33,5,13372
106,0.4,5,0.7,6.6,4,2,1,4,3,3,12712
106,0.4,5,0.7,6.6,3,1.5,2,3,3.33,5,14623
107,0.4,5,0.7,6.6,5,2.5,4,5,3.33,5,13551
48,0.4,5,0.7,6.6,3,3,3,3,3,3,10833
50,0.4,5,0.7,6.6,3.33,3,4,4.5,3.67,5,12000
47,0.4,5,0.7,6.6,1.33,2,2,3,2,2,12213
88,0.4,5,0.7,6.6,4.33,1.5,2,4,3.67,5,10795
106,0.4,5,0.7,6.6,4,4,3.5,4,4.33,4.5,11887
47,0.4,5,0.7,6.6,2.33,1.5,4,3.5,3,5,10745
52,0.4,5,0.7,6.6,5,4.5,4,5,3.33,5,10731
50,0.4,5,0.7,6.6,3.67,3.5,2.5,4.5,3,5,10776
70,0.4,5,0.7,6.6,2.33,2,2.5,2.5,4.67,4,11429
51,0.4,5,0.7,6.6,3,2,3,2.5,2.67,4,11043
95,0.4,5,0.7,6.6,4.33,2.5,4,4.5,3.33,5,14421
106,0.4,5,0.7,6.6,4.33,2.5,3.5,3,2.67,5,16226
122,0.4,5,0.7,6.6,4.33,2,3.5,3.5,4.33,4.5,16393
96,0.4,5,0.7,6.6,2.67,1.5,3,3,2.33,3.5,15104
87,0.4,5,0.7,6.6,3,3.5,2.5,3.5,2.33,4,15172
126,0.4,5,0.7,6.6,4.33,2.5,4,4.5,3.67,5,14286
125,0.4,5,0.7,6.6,4.33,2,4.5,2,5,4,15840
99,0.4,5,0.7,6.6,3,2,3,3,3,5,14040
84,0.4,5,0.7,6.6,3.33,2,3,3.5,4.67,5,12857
87,0.4,5,0.7,6.6,3.33,3,4,3.5,3.67,4,13218
94,0.4,5,0.7,6.6,2.67,3,3.5,4,4,4.5,14362
89,0.4,5,0.7,6.6,3,2.5,3.5,4,3.67,3.5,12895
122,0.4,5,0.7,6.6,3,4,1,1.5,2,1.5,15984
95,0.4,5,0.7,6.6,3,3,5,3,4,4.5,15684
87,0.4,5,0.7,6.6,4,5,4.5,4.5,3.67,5,13083
84,0.4,5,0.7,6.6,3,2,2,2,3,4,14286
84,0.4,5,0.7,6.6,2.67,3.5,4,1,2.33,3.5,13690
87,0.4,5,0.7,6.6,3.67,2.5,3,2,3,4,15089
95,0.4,5,0.7,6.6,2.67,3.5,3.5,4,3.33,5,14737
124,0.4,5,0.7,6.6,3.33,3,4,3,3.67,3.5,14516
95,0.4,5,0.7,6.6,4,2,3,4,2.67,5,14211
99,0.4,5,0.7,6.6,3.33,3.5,2.5,2.5,4.33,4,14036
87,0.4,5,0.7,6.6,3,2,2,3,3,2,13103
87,0.4,5,0.7,6.6,2.67,3,2.5,2.5,3,2.5,13333
94,0.4,5,0.7,6.6,4,1.5,3,1,2.67,4,14157
94,0.4,5,0.7,6.6,2.67,3,4,2.5,3.67,3.5,13085
106,0.4,5,0.7,6.6,5,5,5,5,5,5,14623
88,0.4,5,0.7,6.6,3.33,1.5,4,3.5,4,5,15341
83,0.4,5,0.7,6.6,4,4,5,5,4,5,14100
87,0.4,5,0.7,6.6,2.67,2.5,4,4,3.33,5,12644
87,0.4,5,0.7,6.6,3.33,4,4,4,5,5,12644
87,0.4,5,0.7,6.6,4.67,3.5,3,3,4,5,15172
87,0.4,5,0.7,6.6,4,2,5,4,3.33,5,12874
95,0.4,5,0.7,6.6,4,4,4,4,4,4,14211
99,0.4,5,0.7,6.6,5,5,5,5,5,5,13642
95,0.4,5,0.7,6.6,3,3,3,3,3,3,13158
52,0.4,5,0.7,6.6,2.67,2,3.5,1.5,3.33,2,10769
47,0.4,5,0.7,6.6,2.33,2,3,2.5,2.33,5,10745
48,0.4,5,0.7,6.6,2.67,2,3.5,1.5,3.33,2,11042
47,0.4,5,0.7,6.6,3.33,3,3,3,3,3,12643
48,0.4,5,0.7,6.6,4.33,2.5,3,3,4.33,5,11042
55,0.4,5,0.7,6.6,3.67,2.5,4.5,4.5,4.33,4.5,10818
50,0.4,5,0.7,6.6,5,5,5,5,5,5,12000
47,0.4,5,0.7,6.6,4.33,2.5,3,4,2,4,11064
48,0.4,5,0.7,6.6,3.33,2.5,3,2.5,3,3.5,10833
47,0.4,5,0.7,6.6,3.33,2,3,3,3.33,4,12213
50,0.4,5,0.7,6.6,3,2.5,5,3.5,4,5,10800
47,0.4,5,0.7,6.6,3.67,2,4,3.5,2,5,10745
52,0.4,5,0.7,6.6,3,2.5,3,3.5,3,5,10731
47,0.4,5,0.7,6.6,4.33,1.5,4,4,4,5,10745
51,0.4,5,0.7,6.6,3,3,3,3,3,3,11043
77,0.4,5,0.7,6.6,2,2,2,2,2,3,12338
95,0.4,5,0.7,6.6,4.67,1.5,5,4,5,5,14211
95,0.4,5,0.7,6.6,2.33,1.5,3.5,2.5,2,2,14211
106,0.4,5,0.7,6.6,5,4,4,5,5,5,12736
95,0.4,5,0.7,6.6,3,2.5,4,2.5,3.67,4.5,10737
95,0.4,5,0.7,6.6,3.33,3,4,4,4.33,3.5,14421
105,0.4,5,0.7,6.6,2.67,2,2,3,3,4,14286
87,0.4,5,0.7,6.6,3.67,2.5,5,5,2,3,13218
89,0.4,5,0.7,6.6,3,2.5,2.5,1,3,4.5,14831
75,0.4,5,0.7,6.6,2.33,3,3,3,3,4.5,13061
96,0.4,5,0.7,6.6,2.67,2,3,2.5,3,4,14063
88,0.4,5,0.7,6.6,3.33,3,3,3,3,3,13636
48,0.4,5,0.7,6.6,4.33,1.5,4.5,1,1.67,2.5,10833
48,0.4,5,0.7,6.6,4.33,3,3,4,2.67,5,10833
55,0.4,5,0.7,6.6,4.67,2.5,3.5,3.5,2.33,1.5,10764
95,0.4,5,0.7,6.6,3.67,4,4,3,4,3,14947
106,0.4,5,0.7,6.6,4,3,2.5,3.5,3.33,5,15849
105,0.4,5,0.7,6.6,2.67,2.5,3.5,2.5,4,5,13314
98,0.4,5,0.7,6.6,4.67,2.5,4,3,4.33,4,14286
70,0.4,5,0.7,6.6,2.67,2.5,4.5,3.5,3,3,11429
94,0.4,5,0.7,6.6,4.67,2,3.5,4,3,5,14256
86,0.4,5,0.7,6.6,4,3,4,4,3,4,11866
87,0.4,5,0.7,6.6,1.67,4,2,2.5,3.67,3.5,13218
94,0.4,5,0.7,6.6,5,5,5,5,5,5,13418
87,0.4,5,0.7,6.6,3.67,2,3,3,3,3,13103
53,0.4,5,0.7,6.6,3,2.5,2,2.5,3.33,4,11132
86,0.4,5,0.7,6.6,3.67,3.5,4,3.5,3,4.5,13372
87,0.4,5,0.7,6.6,3,2.5,3,3.5,4,5,12069
53,0.4,5,0.7,6.6,5,4.5,5,4.5,5,5,10943
87,0.4,5,0.7,6.6,3.67,3,3,3.5,4.33,5,10920
86,0.4,5,0.7,6.6,4.33,2.5,3.5,3.5,4,3,13576
87,0.4,5,0.7,6.6,3.67,2.5,2.5,2.5,3.33,5,13793
87,0.4,5,0.7,6.6,4.67,4.5,3.5,4.5,3.67,3.5,13563
101,0.4,5,0.7,6.6,4.33,3,3,4,4.33,5,12871
89,0.4,5,0.7,6.6,3.33,2.5,1.5,2.5,3,5,13032
50,0.4,5,0.7,6.6,4,3,4,5,4,4,10800
47,0.4,5,0.7,6.6,2.67,2,2.5,4.5,3.67,4,10745
47,0.4,5,0.7,6.6,4.67,3,4,4.5,2.67,4.5,11191
47,0.4,5,0.7,6.6,2.67,2.5,3.5,3.5,3.33,3,10851
47,0.4,5,0.7,6.6,3,1.5,4.5,2,3,5,11064
67,0.4,5,0.7,6.6,4,2,4,3,4.33,3,10746
85,0.4,5,0.7,6.6,4.67,4,5,4.5,4,5,13461
66,0.4,5,0.7,6.6,2,3.5,3,3,2,5,11364
49,0.4,5,0.7,6.6,2.33,1.5,1,4,4,5,10816
94,0.4,5,0.7,6.6,4.67,3,4,5,4.33,5,14894
95,0.4,5,0.7,6.6,4,4.5,4,4,4,5,14421
70,0.4,5,0.7,6.6,4,3,3,3,2.67,4,11000
87,0.4,5,0.7,6.6,3.67,3,4,4,3.33,3.5,12885
47,0.4,5,0.7,6.6,2.67,3,3,3,3,3,11064
87,0.4,5,0.7,6.6,3,2,3.5,3.5,4,5,13563
101,0.4,5,0.7,6.6,4,4,3,4,4,4,12871
94,0.4,5,0.7,6.6,3,3,4,4,4.33,4.5,14894
51,0.4,5,0.7,6.6,4.67,2.5,3.5,3,3.33,5,10686
50,0.4,5,0.7,6.6,3,2,2.5,4,3.67,5,10580
48,0.4,5,0.7,6.6,2.67,2.5,3,3,3,3.5,10833
47,0.4,5,0.7,6.6,5,3.5,5,5,5,5,10596
87,0.4,5,0.7,6.6,2.67,3,3.5,3,3,5,12885
95,0.4,5,0.7,6.6,3,4,4,3.5,3.33,3.5,14421
49,0.4,5,0.7,6.6,4,3.5,3.5,3,3,4.5,12245
48,0.4,5,0.7,6.6,5,4.5,5,5,5,5,10833
47,0.4,5,0.7,6.6,3.33,2,1.5,1.5,3,5,10617
47,0.4,5,0.7,6.6,2.33,2,4,3,3,5,10591
48,0.4,5,0.7,6.6,3.67,3.5,4.5,4,5,5,11042
48,0.4,5,0.7,6.6,3.33,1,4,4,4.33,3.5,10833
48,0.4,5,0.7,6.6,2.33,3,3.5,3.5,3.33,1.5,10833
48,0.4,5,0.7,6.6,3,2.5,4,3,4,2.5,10583
70,0.4,5,0.7,6.6,3,1.5,2.5,3.5,3.67,3.5,11000
52,0.4,5,0.7,6.6,3.67,1.5,2,2,4.67,3.5,10577
47,0.4,5,0.7,6.6,4.67,3,3.5,4.5,3.33,4.5,11489
50,0.4,5,0.7,6.6,3,2,2.5,2.5,3.67,4,9600
47,0.4,5,0.7,6.6,4,1.5,3.5,5,4.67,5,10638
50,0.4,5,0.7,6.6,3.33,2,2.5,3,3.67,4,10560
47,0.4,5,0.7,6.6,4,4,3.5,4,2,4.5,11064
47,0.4,5,0.7,6.6,2.67,2,3.5,3,3.33,2.5,10638
50,0.4,5,0.7,6.6,4.33,3,2.5,4.5,3.33,3,10580
95,0.4,5,0.7,6.6,4.33,5,5,2.5,3.33,5,14421
47,0.4,5,0.7,6.6,4,3.5,2.5,3,2,3,11489
48,0.4,5,0.7,6.6,3,1.5,2,3,4,3,10833
48,0.4,5,0.7,6.6,4,2,4,4,5,5,10833
48,0.4,5,0.7,6.6,3.33,1,5,5,4,4.5,10833
106,0.4,5,0.7,6.6,3,3,2.5,3,2.67,3,11887
55,0.4,5,0.7,6.6,4.33,3,4.5,3,4,5,10727
48,0.4,5,0.7,6.6,4.33,2,2,2.5,2.33,5,10833
52,0.4,5,0.7,6.6,4,2.5,4,3.5,4,4,10731
47,0.4,5,0.7,6.6,4.33,2,4,2.5,3.33,4.5,10617
52,0.4,5,0.7,6.6,3.67,3,3.5,3.5,5,5,10769
95,0.4,5,0.7,6.6,2.33,2,3,3,3,3,11579
70,0.4,5,0.7,6.6,4.33,1.5,2.5,4,3.33,5,11429
87,0.4,5,0.7,6.6,5,1.5,3,3,3,5,13793
106,0.4,5,0.7,6.6,4,2.5,3.5,4,3.67,5,12453
95,0.4,5,0.7,6.6,2.67,2.5,3,3,4,5,15579
106,0.4,5,0.7,6.6,5,3,5,5,5,5,14702
76,0.4,5,0.7,6.6,5,3,3.5,4,3.67,5,13158
50,0.4,5,0.7,6.6,3,4,3,2,3.67,3,11000
47,0.4,5,0.7,6.6,4.67,3,3.5,3.5,4,5,10809
76,0.4,5,0.7,6.6,3,1.5,3,2.5,3,3,13421
86,0.4,5,0.7,6.6,3,1.5,3,3,3.67,4,12791
94,0.4,5,0.7,6.6,3.33,1.5,2.5,2,3,5,14043
97,0.4,5,0.7,6.6,3,2,2,3.5,3.67,2.5,15052
87,0.4,5,0.7,6.6,3,2.5,4.5,4,2.67,3,12644
95,0.4,5,0.7,6.6,4,3,3,3.5,3.33,5,15368
106,0.4,5,0.7,6.6,2.33,1.5,2.5,2.5,3.33,5,11792
95,0.4,5,0.7,6.6,5,3,5,3.5,5,5,11579
107,0.4,5,0.7,6.6,3.33,4.5,4.5,4.5,4.67,3,14579
99,0.4,5,0.7,6.6,3,3,3,3,3,3,13939
99,0.4,5,0.7,6.6,3,2,2,3,3,4,13636
87,0.4,5,0.7,6.6,5,1.5,3,4,4,5,13103
94,0.4,5,0.7,6.6,2.33,2.5,3.5,3.5,3.67,3.5,14362
84,0.4,5,0.7,6.6,3.67,2,2.5,3,3.33,5,13848
94,0.4,5,0.7,6.6,3.67,2.5,3,1,3,5,13716
99,0.4,5,0.7,6.6,4,2,4.5,3,3.33,4.5,13636
87,0.4,5,0.7,6.6,3.67,2,3.5,4,2.67,3.5,12644
86,0.4,5,0.7,6.6,3.33,4,4,4,4.33,5,12791
95,0.4,5,0.7,6.6,4,3,4,3,4.33,5,14211
95,0.4,5,0.7,6.6,2.67,2,3,3,3.67,4.5,13684
87,0.4,5,0.7,6.6,3.33,2,3.5,3,3,5,12184
95,0.4,5,0.7,6.6,5,2.5,4,3.5,4,5,13684
95,0.4,5,0.7,6.6,3,1,4,4,3.33,3.5,14421
95,0.4,5,0.7,6.6,3.33,2,5,3,4,4.5,14421
55,0.4,5,0.7,6.6,3,2,2,3,3,3,10727
88,0.4,5,0.7,6.6,3.33,4,3,2.5,3,3,15000
87,0.4,5,0.7,6.6,3,2.5,3,2.5,3,3,14713
88,0.4,5,0.7,6.6,3,2,2,3,3,5,15455
88,0.4,5,0.7,6.6,4,3.5,4,4,4,5,14773
87,0.4,5,0.7,6.6,5,2,1.5,3,2,4,14943
95,0.4,5,0.7,6.6,3,2.5,3,2.5,3,4.5,14421
107,0.4,5,0.7,6.6,3,1.5,2,3,2.67,2.5,15888
106,0.4,5,0.7,6.6,5,5,5,5,5,5,16226
87,0.4,5,0.7,6.6,3.33,2.5,4,3,2.67,5,14023
106,0.4,5,0.7,6.6,4.67,2,4,5,4,5,12453
106,0.4,5,0.7,6.6,4.33,1.5,3,3.5,3.67,4,14702
106,0.4,5,0.7,6.6,3.67,3,3,3,3.67,3,14906
88,0.4,5,0.7,6.6,4,3,5,4.5,4.67,5,12500
88,0.4,5,0.7,6.6,2.67,1.5,1,3.5,2.33,5,12500
94,0.4,5,0.7,6.6,2,1.5,3,4,3,3,14560
95,0.4,5,0.7,6.6,3.33,2,4,3,3,4.5,14211
87,0.4,5,0.7,6.6,4,2.5,3.5,3.5,4,4.5,13333
107,0.4,5,0.7,6.6,3,1.5,2.5,4.5,4,5,15514
88,0.4,5,0.7,6.6,5,3,5,3.5,4.67,5,15000
84,0.4,5,0.7,6.6,4,2.5,4,4.5,4.67,2.5,12262
94,0.4,5,0.7,6.6,2.33,2.5,3,2.5,3.67,5,11915
88,0.4,5,0.7,6.6,4,2,2.5,3,3,5,15455
47,0.4,5,0.7,6.6,3,3,3.5,3,3,3.5,10809
87,0.4,5,0.7,6.6,3,3,3,3.5,2.33,5,14713
88,0.4,5,0.7,6.6,2.67,2.5,4,2,3,3,15000
88,0.4,5,0.7,6.6,3.67,2,3,3.5,3.33,2,15000
87,0.4,5,0.7,6.6,5,5,5,4.5,4,5,14713
88,0.4,5,0.7,6.6,4,2,1.5,4,4.33,5,14773
95,0.4,5,0.7,6.6,3,3.5,3.5,3,3,3,14421
95,0.4,5,0.7,6.6,4.67,3,4,5,3,5,14421
55,0.4,5,0.7,6.6,3,3,3,4,3,2,10727
48,0.4,5,0.7,6.6,2.67,2.5,2.5,2.5,3,3,10833
50,0.4,5,0.7,6.6,3,3,3,3,2.67,3.5,11000
126,0.4,5,0.7,6.6,4,3.5,3.5,3,3.67,4,14286
106,0.4,5,0.7,6.6,3,3,3,4,4,3.5,15094
95,0.4,5,0.7,6.6,3,3,2,2,2,2,14526
107,0.4,5,0.7,6.6,4,1.5,3.5,3.5,3.67,5,15514
106,0.4,5,0.7,6.6,4.67,3,3,3,3,5,12712
106,0.4,5,0.7,6.6,3,3,3,3,3,3,14623
107,0.4,5,0.7,6.6,2.67,1.5,3,3,2,3.5,13551
96,0.4,5,0.7,6.6,1.33,2.5,3,2.5,2,2.5,15104
95,0.4,5,0.7,6.6,3,3,4,5,4,5,15684
87,0.4,5,0.7,6.6,3,3,3.5,4.5,3.67,4.5,13218
87,0.4,5,0.7,6.6,3.33,1.5,4,4.5,3,5,13509
95,0.4,5,0.7,6.6,4,4.5,3.5,4,4.67,5,13158
106,0.4,5,0.7,6.6,3.67,2.5,3,3,2.67,4,11792
95,0.4,5,0.7,6.6,3,3,2,3,3.33,4,14421
106,0.4,5,0.7,6.6,3.33,2.5,4.5,3.5,5,5,11887
94,0.4,5,0.7,6.6,3.33,3,3,3,3.33,3.5,14362
105,0.4,5,0.7,6.6,3,3.5,3.5,3.5,4.33,3.5,13333
87,0.4,5,0.7,6.6,4,4,2.5,4,4,3.5,13103
105,0.4,5,0.7,6.6,3,3,4,4,3.33,4,13333
88,0.4,5,0.7,6.6,3,3,3,3,3,3,10795
95,0.4,5,0.7,6.6,5,5,5,4,5,5,16316
99,0.4,5,0.7,6.6,4,3,3.5,3,3.67,5,14040
87,0.4,5,0.7,6.6,3,3,3,2,2.67,3,13333
87,0.4,5,0.7,6.6,3.33,3,4,4.5,2.67,4,12644
99,0.4,5,0.7,6.6,4.33,5,3.5,3,3,5,13642
84,0.4,5,0.7,6.6,3.33,1,3,5,2.67,5,13690
94,0.4,5,0.7,6.6,2.33,1,1,5,1.33,5,14157
95,0.4,5,0.7,6.6,3.33,2,2.5,3.5,2.67,3,14211
89,0.4,5,0.7,6.6,3.33,3,2.5,3.5,3.33,3.5,13557
89,0.4,5,0.7,6.6,3,3,3,3,3,3,13113
86,0.4,5,0.7,6.6,4,3,4,3,3.33,5,14381
88,0.4,5,0.7,6.6,5,3.5,5,4,5,5,13068
122,0.4,5,0.7,6.6,3.67,1.5,3.5,4,4.33,5,16393
125,0.4,5,0.7,6.6,3.67,2,3,4,2.67,4,15840
107,0.4,5,0.7,6.6,4.67,3,3.5,5,3.33,5,16075
89,0.4,5,0.7,6.6,3.33,3,5,4.5,4,5,13224
94,0.4,5,0.7,6.6,3.33,1.5,3.5,3,3,5,13085
70,0.4,5,0.7,6.6,3,1,4.5,4.5,5,5,11429
88,0.4,5,0.7,6.6,4.33,1,5,3.5,4.33,5,13409
86,0.4,5,0.7,6.6,3,3,2,3,2.33,3,13609
88,0.4,5,0.7,6.6,4,1.5,4,5,5,4,15227
86,0.4,5,0.7,6.6,3,2.5,2,4,3,5,13372
106,0.4,5,0.7,6.6,4,1.5,4.5,3,4,5,16226
87,0.4,5,0.7,6.6,4,3,3.5,2.5,3.67,4,13083
106,0.4,5,0.7,6.6,4,2.5,4,4,4,4,14623
106,0.4,5,0.7,6.6,3.33,1.5,2,3.5,3.33,4,11887
87,0.4,5,0.7,6.6,2,3,2,2.5,3.33,3.5,12874
53,0.4,5,0.7,6.6,4,2,4.5,3,2.67,5,10729
95,0.4,5,0.7,6.6,3.67,2,3,3.5,3.67,5,14421
96,0.4,5,0.7,6.6,3,3.5,3,3,2.67,5,15104
84,0.4,5,0.7,6.6,2.33,2,3,3,3.67,4,12857
95,0.4,5,0.7,6.6,3,3,3.5,2.5,3,4,15684
84,0.4,5,0.7,6.6,4.33,3,4,4,3.67,3.5,14286
84,0.4,5,0.7,6.6,2.67,2,3,2.5,3,3,13690
94,0.4,5,0.7,6.6,3.67,4,4,4,4,5,14157
83,0.4,5,0.7,6.6,3.33,2,2.5,3.5,4.33,5,14100
97,0.38,5,1.3,6.6,4.33,3,3,3,4,3.5,12843
86,0.38,5,1.3,6.6,3.67,1.5,4.5,2.5,2,5,12668
97,0.38,5,1.3,6.6,5,5,5,5,5,5,12329
97,0.38,5,1.3,6.6,5,2,3.5,2.5,4.33,5,11918
122,0.38,5,1.3,6.6,4.33,4,4,4,3.67,5,12295
89,0.38,5,1.3,6.6,2.67,2,3.5,4,4,5,12085
89,0.38,5,1.3,6.6,4.33,4,4.5,4,4,5,11154
97,0.38,5,1.3,6.6,4,2.5,3,3.5,4,5,13048
122,0.38,5,1.3,6.6,3,3,3.5,4,4,4.5,12295
94,0.38,5,1.3,6.6,4.33,2,5,2.5,3.67,5,11861
86,0.38,5,1.3,6.6,2,2,2,3,3,3.5,12668
105,0.38,5,1.3,6.6,3,2.5,4,3.5,3.33,5,12282
97,0.38,5,1.3,6.6,3,3,4,2,4,4.5,13357
121,0.38,5,1.3,6.6,5,3,5,4,5,5,12145
89,0.38,5,1.3,6.6,3.33,2.5,2.5,2.5,3,3,11237
97,0.38,5,1.3,6.6,3,2.5,3,3,3,5,12329
121,0.38,5,1.3,6.6,2,2,3,2.5,3,5,11160
108,0.38,5,1.3,6.6,3.67,3,4,4.5,3,5,12203
88,0.38,5,1.3,6.6,3,3,3,3,3.67,5,11823
86,0.38,5,1.3,6.6,5,4,4.5,4.5,5,5,12144
97,0.38,5,1.3,6.6,4,1.5,2,4,3.33,5,13357
89,0.38,5,1.3,6.6,4,2,1,4,3,3,12532
133,0.38,5,1.3,6.6,3,1.5,2,3,3.33,5,10883
94,0.38,5,1.3,6.6,5,2.5,4,5,3.33,5,11649
94,0.38,5,1.3,6.6,3,3,3,3,3,3,12178
94,0.38,5,1.3,6.6,3.33,3,4,4.5,3.67,5,12656
94,0.38,5,1.3,6.6,1.33,2,2,3,2,2,11861
86,0.38,5,1.3,6.6,4.33,1.5,2,4,3.67,5,12668
67,0.38,5,1.3,6.6,4,4,3.5,4,4.33,4.5,13371
86,0.38,5,1.3,6.6,2.33,1.5,4,3.5,3,5,12668
66,0.38,5,1.3,6.6,5,4.5,4,5,3.33,5,12097
97,0.38,5,1.3,6.6,3.67,3.5,2.5,4.5,3,5,12157
88,0.38,5,1.3,6.6,2.33,2,2.5,2.5,4.67,4,12836
89,0.38,5,1.3,6.6,3,2,3,2.5,2.67,4,10934
89,0.38,5,1.3,6.6,4.33,2.5,4,4.5,3.33,5,12254
66,0.38,5,1.3,6.6,4.33,2.5,3.5,3,2.67,5,12551
86,0.38,5,1.3,6.6,4.33,2,3.5,3.5,4.33,4.5,12438
97,0.38,5,1.3,6.6,2.67,1.5,3,3,2.33,3.5,13151
88,0.38,5,1.3,6.6,3,3.5,2.5,3.5,2.33,4,12836
89,0.38,5,1.3,6.6,2.33,1,3,3,2.33,5,12127
90,0.38,5,1.3,6.6,4.33,2.5,4,4.5,3.67,5,11642
88,0.38,5,1.3,6.6,4.33,2,4.5,2,5,4,12949
89,0.38,5,1.3,6.6,3,2,3,3,3,5,10137
86,0.38,5,1.3,6.6,3.33,2,3,3.5,4.67,5,12954
86,0.38,5,1.3,6.6,3.33,3,4,3.5,3.67,4,12668
89,0.38,5,1.3,6.6,2.67,3,3.5,4,4,4.5,12031
86,0.38,5,1.3,6.6,3,2.5,3.5,4,3.67,3.5,12668
86,0.38,5,1.3,6.6,3,4,1,1.5,2,1.5,12668
90,0.38,5,1.3,6.6,3,3,5,3,4,4.5,11642
97,0.38,5,1.3,6.6,4,5,4.5,4.5,3.67,5,13870
89,0.38,5,1.3,6.6,3,2,2,2,3,4,11697
90,0.38,5,1.3,6.6,2.67,3.5,4,1,2.33,3.5,11309
86,0.38,5,1.3,6.6,3.67,2.5,3,2,3,4,10409
105,0.38,5,1.3,6.6,2.67,3.5,3.5,4,3.33,5,11148
86,0.38,5,1.3,6.6,3.33,3,4,3,3.67,3.5,12438
88,0.38,5,1.3,6.6,4,2,3,4,2.67,5,11929
90,0.38,5,1.3,6.6,3.33,3.5,2.5,2.5,4.33,4,12196
86,0.38,5,1.3,6.6,3,2,2,3,3,2,10941
97,0.38,5,1.3,6.6,2.67,3,2.5,2.5,3,2.5,13357
88,0.38,5,1.3,6.6,4,1.5,3,1,2.67,4,11929
88,0.38,5,1.3,6.6,2.67,3,4,2.5,3.67,3.5,12156
121,0.38,5,1.3,6.6,5,5,5,5,5,5,11981
89,0.38,5,1.3,6.6,3.33,1.5,4,3.5,4,5,10934
89,0.38,5,1.3,6.6,4,4,5,5,4,5,10137
97,0.38,5,1.3,6.6,2.67,2.5,4,4,3.33,5,13357
89,0.38,5,1.3,6.6,3.33,4,4,4,5,5,11237
97,0.38,5,1.3,6.6,4.67,3.5,3,3,4,5,12329
121,0.38,5,1.3,6.6,4,2,5,4,3.33,5,11160
121,0.38,5,1.3,6.6,4,4,4,4,4,4,11489
108,0.38,5,1.3,6.6,5,5,5,5,5,5,12203
88,0.38,5,1.3,6.6,3,3,3,3,3,3,11823
89,0.38,5,1.3,6.6,2.67,2,3.5,1.5,3.33,2,10931
97,0.38,5,1.3,6.6,2.33,2,3,2.5,2.33,5,11302
86,0.38,5,1.3,6.6,2.67,2,3.5,1.5,3.33,2,12438
94,0.38,5,1.3,6.6,3.33,3,3,3,3,3,11649
66,0.38,5,1.3,6.6,4.33,2.5,3,3,4.33,5,12551
133,0.38,5,1.3,6.6,3.67,2.5,4.5,4.5,4.33,4.5,10883
77,0.38,5,1.3,6.6,5,5,5,5,5,5,11601
94,0.38,5,1.3,6.6,4.33,2.5,3,4,2,4,12656
105,0.38,5,1.3,6.6,3.33,2.5,3,2.5,3,3.5,12282
67,0.38,5,1.3,6.6,3.33,2,3,3,3.33,4,13371
66,0.38,5,1.3,6.6,3,2.5,5,3.5,4,5,12097
86,0.38,5,1.3,6.6,3.67,2,4,3.5,2,5,12093
86,0.38,5,1.3,6.6,3,2.5,3,3.5,3,5,12438
88,0.38,5,1.3,6.6,4.33,1.5,4,4,4,5,12386
90,0.38,5,1.3,6.6,3,3,3,3,3,3,11088
90,0.38,5,1.3,6.6,2,2,2,2,2,3,11088
97,0.38,5,1.3,6.6,4.67,1.5,5,4,5,5,11815
105,0.38,5,1.3,6.6,2.33,1.5,3.5,2.5,2,2,11809
97,0.38,5,1.3,6.6,5,4,4,5,5,5,11918
107,0.38,5,1.3,6.6,3,2.5,4,2.5,3.67,4.5,12992
97,0.38,5,1.3,6.6,3.33,3,4,4,4.33,3.5,12843
90,0.38,5,1.3,6.6,2.67,2,2,3,3,4,12862
90,0.38,5,1.3,6.6,3.67,2.5,5,5,2,3,12751
97,0.38,5,1.3,6.6,3,2.5,2.5,1,3,4.5,13048
89,0.38,5,1.3,6.6,2.33,3,3,3,3,4.5,12308
141,0.38,5,1.3,6.6,2.67,2,3,2.5,3,4,11719
94,0.38,5,1.3,6.6,3.33,3,3,3,3,3,12128
141,0.38,5,1.3,6.6,4.33,1.5,4.5,1,1.67,2.5,12001
97,0.38,5,1.3,6.6,4.33,3,3,4,2.67,5,13357
89,0.38,5,1.3,6.6,4.67,2.5,3.5,3.5,2.33,1.5,12031
97,0.38,5,1.3,6.6,3.67,4,4,3,4,3,11918
86,0.38,5,1.3,6.6,4,3,2.5,3.5,3.33,5,12723
121,0.38,5,1.3,6.6,2.67,2.5,3.5,2.5,4,5,11078
97,0.38,5,1.3,6.6,4.67,2.5,4,3,4.33,4,13357
94,0.38,5,1.3,6.6,2.67,2.5,4.5,3.5,3,3,12656
